-0.939080,-0.375024,-0.113644,1.184469,-2.256758,-0.359837,-0.161945,-1.919059,-1.111841,-1.257724,
1.595918,-1.212205,0.019243,1.794335,0.946339,-0.216350,-0.386816,-0.925985,1.365742,-0.138476,
1.029422,0.371455,-0.880339,0.630114,-2.186994,-0.209374,-0.194034,0.057184,0.212879,-0.709234,
-0.944016,1.447937,0.560483,-1.478256,-2.691048,2.013372,-1.872176,-1.223700,-1.549569,0.671705,
-1.048538,-0.085267,-1.073817,-0.776957,0.531231,-2.162672,0.736723,0.779081,-0.077239,-0.094087,
0.223211,0.244360,1.168223,0.522369,-0.737633,0.721360,0.506679,-0.919377,-0.569634,0.910536,
-0.961174,-1.240199,-0.430098,-0.641298,2.033823,0.358255,-1.264086,-0.055815,0.330091,0.652206,
1.014267,0.108841,-1.780932,-0.691386,-0.134156,1.494831,-1.292583,-0.885457,0.699900,0.374284,
1.847581,-0.323249,0.731033,-1.053855,0.438726,-1.200655,0.792442,-2.107110,1.958815,-1.496523,
-0.488558,0.060958,-0.697106,-0.023034,-0.913218,1.259266,0.330500,-0.312462,-0.656240,0.731549,
1.039673,0.571917,-0.519833,0.793640,1.156413,-0.723374,0.137387,0.542415,-0.492971,-0.376904,
-0.211493,1.595023,0.051761,0.116821,0.800434,-1.556572,0.691309,0.538931,-0.615152,-0.891941,
-2.160354,0.514616,0.696521,0.972307,-1.584149,-1.432725,-0.691799,-0.622457,-2.022549,0.644176,
-0.879169,-0.064253,0.198417,-1.144134,1.353666,-0.075154,0.778648,0.736662,-1.436673,-0.578118,
2.591946,0.063035,0.586959,0.921275,-0.196696,1.132308,-0.942764,0.850548,0.226288,-0.556295,
-1.232166,1.583243,-0.095514,1.285947,-0.326093,-1.440954,-1.112942,0.022161,0.784441,1.662459,
-0.830850,-0.476518,-0.391541,-0.266815,0.945123,0.554319,-0.852480,-0.919085,-0.859641,0.516238,
-1.448443,0.180498,0.733016,-0.156493,1.352156,-0.031876,1.926024,0.611280,0.720364,-0.162607,
-0.407059,-1.754677,-0.295546,-0.211603,0.466777,0.196156,-0.221721,-2.122204,-0.783671,0.286611,
1.481099,1.118797,0.208697,1.195235,-0.839955,-0.526200,-1.526916,-0.881698,-1.103687,-0.303641,
-2.533762,-2.273912,-1.219655,-0.617972,-1.217696,-0.451742,1.097525,-1.123574,-0.674685,0.255215,
-0.802811,0.853728,0.438998,-0.453541,-0.751022,-0.698532,0.083978,0.569916,-0.210477,1.288588,
-1.615401,-0.178300,-1.782462,-0.341005,0.327853,-0.048620,-1.667304,-0.228549,-0.327536,-1.466524,
0.064626,0.439828,0.166175,0.839497,0.021139,-0.663613,0.511171,-1.368742,-1.412945,0.467918,
-1.728155,0.703443,0.499142,0.820658,0.301678,0.094818,0.361618,-0.289044,0.648029,0.190272,
0.373856,-0.240268,-0.687149,-0.143073,3.028510,-0.218865,1.542266,0.364846,-0.204232,0.626522,
0.132614,-0.317695,-0.630482,-0.801256,0.164451,-1.557297,0.218892,1.014641,-1.569493,-0.379803,
0.435413,-1.538702,-0.248511,-1.399406,-1.056119,0.050347,-0.677058,0.927070,-0.524772,1.254288,
-0.113582,-1.739826,-0.158006,-0.988219,-0.022822,1.146187,-0.965046,-0.972639,-1.435340,0.622263,
-0.955462,-1.379399,1.891548,0.171422,-0.541164,0.768067,-0.164010,0.246583,1.414791,-0.476595,
-0.342799,-0.357564,1.724582,0.645421,0.683030,1.192206,-1.616228,1.982174,-0.116028,-0.609620,
0.566645,-0.651593,0.887340,-1.921809,0.798868,3.316289,-0.367757,1.684099,0.453224,-0.352894,
-0.900929,0.636010,0.690487,0.838242,-0.551533,-1.909887,0.802053,-0.386390,-1.012789,-1.748484,
-0.679230,0.271968,-0.616063,1.089127,-0.971387,0.378509,-0.675322,0.475546,0.472721,0.913204,
0.041345,-0.931728,-0.324959,-0.166717,0.416295,-0.130427,-1.419858,-1.135431,-0.923716,-0.558564,
1.735352,-0.761555,-0.756973,1.745825,-2.118515,0.256034,-1.671654,0.358058,-0.356589,1.480201,
-0.267364,0.662593,-2.013874,-0.680372,1.408940,0.532197,-1.030719,0.002873,-0.765967,-0.338958,
-2.361059,-0.008785,-0.984524,-0.514836,-0.022751,-0.129985,-0.061004,-1.049590,-0.080178,-0.124420,
1.109563,1.074167,2.070218,0.398190,-0.231271,-1.124655,1.378422,0.156791,0.023853,0.745433,
-2.350927,1.709550,-0.376520,0.495479,-0.005143,-0.642977,1.128732,-3.415818,-0.230081,-0.385432,
-0.882994,-0.754446,-1.930274,-3.633843,0.790251,-0.184128,-0.303151,1.439343,-0.923270,-0.163397,
0.568032,-0.361058,-1.263381,-0.746309,1.210945,1.459457,-1.431968,-0.919245,-1.065480,-2.005331,
0.929636,-0.180932,1.187433,-0.680460,-0.662066,0.468907,0.668496,1.012051,0.199473,-1.176996,
1.043987,0.063156,-0.270905,1.288861,-0.549909,0.337659,0.557306,0.885069,1.677832,1.147023,
-0.890758,0.253917,-0.271987,0.046564,1.607155,0.484191,-1.036802,0.383602,2.350629,0.788066,
0.990626,-0.288533,-0.160190,-0.165795,-1.560172,0.623484,1.717434,-0.262571,-0.720966,-0.276880,
0.430716,1.158435,1.474411,-1.494829,1.651974,-0.449436,0.479605,1.189653,-0.045738,-1.680379,
-0.417922,0.765615,-1.071405,1.024587,0.134528,0.215428,0.836413,-0.839605,1.082915,-1.764968,
-0.284687,1.976158,-1.354646,3.453358,-0.164647,-0.555965,-1.685290,1.223586,-0.600442,1.244639,
0.634040,1.154509,-0.553091,-1.438114,0.142318,0.732061,0.214112,0.478593,-0.623302,1.906409,
1.028196,0.031801,-1.333693,-0.358044,0.884681,0.410685,-0.445872,0.990584,0.474236,-1.001185,
-0.387873,-0.004443,0.711027,1.486093,-2.061099,1.511051,1.042795,1.529165,-0.079774,1.357997,
-2.564762,-0.872528,-1.220922,1.306433,0.629944,0.684397,0.173531,-1.180818,0.349240,0.682783,
0.678953,-0.261291,-0.900219,-0.348607,0.932643,0.458716,-0.473551,-1.388735,-0.291081,0.441442,
-0.572567,0.541448,0.343382,-0.671798,-1.110697,-0.450613,0.305399,0.250485,-0.135834,-0.627485,
1.527039,-0.297883,-1.309808,0.833346,-1.201065,1.555671,0.606224,-0.328516,0.126747,-0.285606,
-0.370954,1.719374,0.639347,-1.466563,1.881225,-0.001454,-2.048042,0.016466,2.495544,-0.010118,
0.273531,-0.954946,-0.106124,1.504413,0.426552,-0.776912,2.219945,-0.690603,-1.302411,-0.239383,
0.337724,1.797534,0.148888,-0.274653,-0.458164,-0.609695,-1.316630,-1.311238,0.721808,0.958732,
-0.996982,1.266988,-0.570572,-2.545713,-1.413606,-0.127427,-0.416211,0.165279,0.602849,-1.392324,
-1.230828,1.000112,-0.963622,0.541896,-0.531077,-0.633780,-1.545766,-0.165005,-1.150372,-0.126148,
1.446434,-1.137783,0.943266,-0.003939,0.133713,-2.723501,-1.102862,-0.231543,-0.310159,-0.369362,
-0.207453,0.021703,-0.184461,-2.159236,-0.258368,0.634578,0.791401,0.357256,-1.944600,-0.382190,
-0.001135,0.869688,0.154786,-0.388696,-0.829446,0.011782,2.382981,-0.684460,0.968647,-1.287350,
-0.395636,0.072186,1.093815,1.920855,-0.629596,1.019539,-0.828869,0.185923,1.641322,0.196161,
-1.175608,1.119012,-1.168530,0.273784,1.726287,0.934460,-0.492901,-0.858520,0.764281,0.725639,
0.088859,0.002923,0.573016,0.731911,0.535952,1.296565,1.302803,0.702726,1.627123,0.183792,
0.741044,-0.528032,-1.259410,-0.838014,0.977625,-0.794118,-0.907041,1.493019,-0.338165,1.980999,
-0.890483,-0.742270,-0.695656,-0.013429,-0.448556,-1.223646,1.134954,0.586470,0.895926,-0.369118,
0.887361,-1.545432,-0.778562,0.932185,0.831061,0.487069,0.124655,-0.271389,0.630600,-0.851571,
-0.353198,1.094176,-1.207269,0.738638,-0.876788,1.035704,-1.117445,0.910221,1.830999,-0.061119,
-0.299565,1.451958,-0.513280,-0.509289,0.566323,2.521086,-1.464593,-0.626299,-0.897518,1.070527,
0.307816,-1.300560,1.566321,-0.594438,-0.709749,2.406075,-0.115101,0.473157,-0.344351,0.611155,
0.569513,0.285222,1.490875,1.262217,0.734125,0.051774,-0.378617,0.055070,-0.100110,0.878487,
-0.690697,0.494102,0.312997,-0.881538,-0.441994,0.852719,-0.281348,-0.850336,-0.385464,-0.140137,
0.491840,-0.398888,0.146719,0.723905,-1.448011,-1.866808,-1.082975,0.266082,2.674424,0.233818,
-1.140957,-0.556985,1.434694,2.269299,1.422525,2.325981,-1.815589,-0.794277,0.128539,-0.234735,
0.088911,-1.285352,-0.135465,2.288755,1.687253,0.503399,0.216886,-2.018898,0.109618,0.742859,
0.710534,-1.204291,0.428989,-1.695445,-0.117599,-0.847809,0.040711,-0.098737,-1.203930,1.209107,
-0.286077,1.017926,-0.670480,-0.144103,1.358392,0.263484,1.980204,0.795294,-1.232851,0.271845,
0.636050,-0.900857,-0.567473,1.290540,-0.325511,-0.254021,-1.179311,-0.229137,-0.831151,-0.541258,
-2.374673,1.277098,-0.365563,-0.695757,-0.406073,-1.242057,1.113443,-0.918121,-0.236020,-0.976647,
1.195451,1.955849,0.164793,-0.879746,0.457825,0.380448,-0.908737,0.807081,0.740165,-1.086022,
-1.726743,-0.293328,1.221427,-0.032832,0.898211,-1.440862,1.989114,-0.411909,-0.131026,0.062109,
-1.515968,1.170889,2.246612,-0.193246,-1.590752,-1.006771,-1.670497,1.979378,0.194685,-0.350755,
-1.024036,-0.021385,1.855983,-0.283449,-0.227071,0.056295,-1.949875,-0.618478,-1.913448,1.278659,
0.144418,-1.149418,0.245643,-0.611121,-0.483666,-0.942265,0.694973,-0.147815,-0.686706,0.595853,
3.078746,0.248753,1.282934,0.360909,0.561202,-0.027851,-1.342822,-0.197644,0.312668,0.227257,
0.150945,0.067525,-0.032706,-1.105842,-0.374973,1.266649,1.579821,-0.661437,1.186339,-1.424111,
0.398835,-1.819537,0.746305,0.278625,-0.126797,-0.605269,1.571126,0.668142,1.083612,-0.030178,
-0.938507,1.125497,0.200381,-0.521799,-0.029620,-1.607382,-0.000131,0.346646,1.349110,1.896256,
-2.143498,0.360880,1.551310,0.067603,0.538560,0.924122,0.555358,0.247730,-1.235536,-1.836787,
1.854495,3.439453,-0.651948,-0.972023,-0.976008,-0.594671,0.300705,-1.085035,-0.056903,-1.112976,
-0.047688,-0.416881,1.325343,0.780937,0.872416,0.896597,0.152834,0.166431,0.104570,0.614914,
1.399359,0.736104,1.620248,-0.237458,0.159194,2.038972,1.800451,0.240987,-0.455296,-0.756203,
-0.930560,-0.941284,1.083209,-0.367463,0.818631,-0.303850,2.055229,1.160873,1.089159,0.272040,
1.221189,-1.092715,-1.428156,-0.830946,0.677104,0.464460,1.286884,-0.406651,-0.777870,0.222880,
1.034439,-0.000833,1.054824,0.021154,-2.501949,0.121085,-1.332113,-0.499134,0.060356,-0.300547,
0.120648,-1.118327,-0.764640,-1.013329,0.865026,-0.193329,-1.781994,-0.897934,0.575440,1.897445,
1.061929,0.295571,0.365579,0.580604,0.037631,-1.379342,1.566641,2.270540,1.680485,1.048406,
-0.230893,-0.016536,1.141718,0.826498,0.426250,-1.193389,-1.612205,2.060109,0.137457,-0.417059,
-0.391736,-0.880177,0.337035,-0.659034,-0.290932,2.357935,1.268525,0.803035,0.696222,-0.687228,
0.797304,-1.160055,0.571722,0.289431,1.964844,-1.037670,-0.345721,-1.571885,1.545207,0.648624,
-0.560655,-0.521156,-1.175885,1.182786,0.947206,-0.871496,0.228000,2.032416,0.506814,-1.841414,
-0.491964,-1.047725,-0.113529,-0.057889,1.048503,0.255584,-1.526257,0.378766,-1.369500,0.878367,
-0.092640,-0.918425,2.092236,2.179231,0.931041,-1.224962,0.276055,-1.334472,0.771584,0.645526,
-0.586156,0.778704,0.779654,0.044374,0.780426,-0.616551,0.361742,-1.937662,1.083952,0.406419,
2.345950,1.323691,-0.319330,0.606217,0.699280,-0.065609,-1.553551,-0.560624,1.280407,-0.132088,
0.894216,0.305520,-1.165825,-1.427876,-1.912140,-0.079475,-0.610859,-0.194000,-0.877068,-1.068666,
0.107517,-1.888705,-0.943669,0.677479,-0.100810,-0.771446,0.454045,-0.122544,-1.450165,0.661062,
0.300007,0.265158,0.521883,-1.444516,0.506067,-0.025645,-1.576079,-0.000616,-1.515897,-0.677875,
0.006199,1.829683,-0.447784,-1.101278,0.744230,-0.548292,-0.238863,0.761505,0.551667,-0.465731,
0.336201,0.779819,1.264689,0.061179,-1.837321,-0.955475,-0.221588,0.255308,0.314260,0.098663,
-0.498823,0.191572,0.212973,-0.869758,-2.821526,-0.087238,0.204586,1.427455,-0.640511,-0.049130,
-0.990859,-0.413219,0.623767,-1.274766,-0.550405,-1.000532,-0.792989,2.138056,0.194798,2.380291,
2.428554,0.359729,0.183904,0.086251,1.060477,-0.734441,-1.777973,-0.844949,0.242494,0.925741,
-1.617155,-1.106702,0.200098,-1.096328,0.179503,-0.449870,0.875162,0.726527,1.353626,-0.545387,
0.792661,0.693238,0.004774,1.417564,-2.546893,0.559013,0.156695,-0.012114,-0.481920,-0.114436,
0.567716,0.856331,1.127986,0.706831,1.503824,0.841369,0.644788,-1.120649,0.955550,1.340420,
-0.321094,-1.161636,2.314088,0.697647,-1.594072,0.678607,0.609925,0.259342,-0.970251,1.247299,
-0.680439,1.777180,0.045635,0.362957,-0.609016,0.638567,-0.689920,1.546543,-0.390117,-0.510633,
0.943576,-1.253236,-0.208515,-0.227364,1.193420,1.726598,-0.022541,1.225489,1.515928,0.217717,
1.085056,0.798400,-1.175262,-0.184603,1.038781,-2.150098,-0.551379,-1.236736,-0.787477,1.243390,
0.113184,-0.107033,1.742130,-0.218751,0.113245,-0.261463,-0.214196,-0.422504,0.132119,-2.339110,
-0.315271,1.608024,-0.155877,0.541250,-1.590314,-0.790445,1.044835,-1.714993,-3.224547,-0.619236,
1.860896,-0.887722,-0.093608,-0.001018,-1.084196,2.439234,2.935244,1.901291,0.217237,0.312353,
0.603724,-0.521592,-0.713049,-1.224519,0.294559,-0.407513,0.682050,1.755521,-0.252195,0.270626,
-0.245561,0.724507,0.392036,-0.517839,-1.261865,1.001000,0.229394,0.332158,1.858262,0.662207,
0.173273,1.469725,-1.738948,-0.732509,-1.405089,-0.652649,-0.406365,-0.135932,1.060055,-1.807199,
0.669869,0.513524,-0.394934,-0.471962,-0.613823,-0.298588,-0.543505,0.498933,1.243642,-0.153392,
0.162142,-1.797024,0.705061,-0.770009,-0.714619,-1.122461,-0.548357,-0.208708,-0.602037,0.189823,
1.076589,-1.418378,1.466386,1.021855,-0.124426,0.172990,-0.988311,-1.389427,-1.535037,1.997923,
0.946079,0.865371,-0.155604,0.006039,-0.093427,-1.730107,0.645788,0.174100,-0.959717,1.034126,
-0.732003,-1.361928,0.566786,-1.032225,-0.029482,-1.344584,0.968823,-0.485739,0.433340,0.104673,
0.951833,-0.195276,0.103784,0.153727,-0.681695,-0.435806,-2.078112,-1.101943,-0.030891,-0.920477,
0.077508,-0.797043,-0.630631,0.915529,1.195812,-0.706131,0.661159,0.624578,1.669234,1.585438,
0.495791,-0.929308,0.282291,0.576184,0.315627,2.701456,1.224745,-0.818529,-2.310980,-1.205430,
-0.874983,1.676743,-0.626973,0.390270,1.577892,0.080062,-0.082696,0.069717,0.334221,1.843473,
0.555804,-0.129976,-0.518763,-1.814344,0.242199,0.080022,0.477381,0.987500,-0.459213,0.552892,
0.147809,0.685796,0.050877,0.953440,-1.241119,-1.256339,-0.098788,0.547460,0.512360,0.346893,
0.544752,0.405509,-0.956791,-0.942902,0.510138,0.456131,-1.077785,0.154550,1.532862,-1.356305,
0.051134,-0.522572,-0.860511,-0.297650,-1.371719,-0.230257,1.617759,0.482926,1.775449,2.002238,
1.772445,-0.863180,0.823049,1.022219,-1.430666,0.292347,-0.014786,-0.907149,0.231279,0.981895,
1.044077,-1.385401,-0.719000,1.870892,0.192668,0.240239,-0.191657,-1.433289,0.450740,0.802764,
1.110751,0.107899,0.273530,-0.399592,-0.055054,0.633613,0.414220,-0.730805,-1.328590,-0.278965,
-0.646247,-1.071908,-0.328425,-1.424237,-0.446472,-1.562423,1.453059,1.747225,1.874737,-0.440474,
0.274534,-0.445976,-1.174276,0.002429,0.013405,-1.483241,1.202499,0.248619,1.942760,2.470651,
0.241659,-0.375746,-0.406315,-1.617686,0.983905,-0.208515,-0.776232,0.676632,-0.281931,-0.396866,
-1.256162,-0.918778,0.296568,-0.147053,-0.954622,-1.131038,-0.468789,0.140716,1.047637,-0.399288,
1.647879,-0.451061,0.697742,0.333840,1.255420,1.697474,-0.243939,-0.916117,0.429432,-0.554820,
-0.455117,-0.071820,-0.097938,-1.397438,0.928604,-0.085690,1.123220,-0.144672,0.833006,0.742072,
0.726938,1.244751,-0.274783,-1.509919,0.276645,-0.382608,0.310731,-0.108939,0.817369,-0.972023,
-0.580764,-1.234695,0.743837,0.410973,-2.495650,0.904111,0.679369,0.320596,-0.464746,0.040017,
1.449226,0.434865,-1.018008,-0.961435,0.554565,0.566400,0.336926,1.786167,-1.989186,-2.146215,
0.859558,-0.023364,-1.681706,-0.685141,0.572482,-0.073205,0.569423,0.695741,-1.386074,0.816039,
-1.626562,-0.316190,1.639103,0.606943,-0.455156,-0.343554,1.375653,0.313771,0.273248,-0.855216,
-0.858684,-0.358256,0.352234,-1.916784,-0.002392,0.360193,1.103484,-1.479029,-0.816559,-0.217210,
-0.988970,-0.759176,0.104318,-2.147539,-0.824953,-1.939273,-0.341581,-0.265835,-0.085343,-0.725768,
-0.542364,-1.664406,0.308869,1.219424,-2.021897,-1.038962,-1.181101,-1.402541,-0.213650,-0.240969,
2.528054,0.976296,-0.521738,0.929654,0.011866,-1.512143,0.463689,-0.809405,-0.344985,0.246666,
-0.420249,-1.067190,0.480841,1.178659,0.714837,2.330959,0.302002,-1.217154,1.502753,0.375067,
-1.804352,0.352333,0.528246,1.907864,1.614483,-0.544695,-1.463504,-0.741235,0.428944,0.898126,
0.081392,-0.040178,0.015140,0.144032,1.088623,1.204642,0.610808,0.444840,-1.148470,-0.014720,
0.589353,-1.296041,-1.917127,0.444328,-1.101643,1.638047,-0.291150,0.664478,0.652445,1.243333,
-1.947441,-0.327877,-0.310779,-1.098492,0.212103,1.271764,-0.109181,0.357926,1.107448,1.055464,
0.182064,-0.342550,0.532347,0.942556,-1.606340,0.372361,-1.701338,0.884396,-0.775448,0.635265,
0.083316,-1.206012,0.404480,1.076870,-1.320351,1.929156,-0.642835,0.607231,-2.532055,-0.150405,
0.620286,-1.519755,-0.973380,-0.519716,1.354076,0.358368,-0.161519,0.464854,-0.268128,0.677196,
0.118613,0.901864,0.904078,1.628112,0.769635,-0.161945,1.529651,2.318288,-0.247787,-0.965831,
0.666830,0.319967,-0.227780,-0.054967,-0.576333,0.080226,2.076595,0.504522,0.968576,0.095490,
0.404112,0.503693,0.497035,-1.374409,-1.004113,1.153511,0.139427,-1.114375,-0.898929,-0.013265,
-0.660554,-1.175705,0.876082,-0.812301,1.120379,-0.282486,0.027068,-0.984129,-0.299430,-0.983551,
-0.349329,-0.346018,-0.803405,0.420040,1.100049,-2.014601,-0.010344,0.658203,-0.531910,-1.093803,
-1.006275,-0.867923,-1.654398,1.603590,-0.372734,0.676171,-0.154806,0.054623,-0.668433,1.237010,
-0.324389,-0.300937,0.191204,0.468027,1.467880,-0.110846,-0.489923,0.401201,0.273406,-0.870521,
0.649366,-0.844356,1.399064,0.219418,-0.337779,0.580167,-0.562175,-0.446534,-0.907405,0.501687,
0.281062,0.043628,0.018220,0.663101,0.250816,-0.454682,0.315117,-0.153972,1.082079,-0.022679,
-0.675823,0.303079,0.656587,-0.355496,-0.355185,0.102898,-1.788475,-0.222382,-1.579010,0.788282,
0.337274,-0.911866,0.540819,-0.695524,-0.635333,-1.655552,0.331426,-0.098157,1.956472,-1.145928,
0.189337,0.299160,1.853429,-1.571465,-0.208561,0.255920,-1.222880,0.544639,-0.109125,-0.220924,
0.839065,-0.261303,-1.205958,-0.000984,-0.368284,-0.270388,0.669898,-0.894780,0.839218,0.296909,
-0.416671,0.385440,-0.161209,-2.231302,-0.509804,1.186872,-0.402326,-0.395482,-0.300091,0.350358,
0.806838,0.820765,-2.738207,-0.488503,-0.069376,0.834824,0.790705,0.246974,0.685680,1.886020,
-1.013763,-0.449331,-0.305036,0.844335,0.733963,-0.091512,1.058347,-1.584035,-0.290362,0.732803,
-1.719855,-0.368648,0.841409,1.591659,0.257164,-0.179926,-0.401210,0.023461,-0.135730,-0.522687,
-1.101977,-0.707717,-0.008465,-0.374746,0.890776,0.139263,-1.055014,0.366741,-0.410565,-1.992952,
0.066751,1.133849,-0.914994,-0.133838,-0.258913,-0.464482,0.862680,-1.363709,-1.102220,0.859903,
-0.908454,1.403851,-3.219819,-0.522720,0.254766,-0.100389,-1.647764,-0.460661,-0.386992,0.077469,
1.722053,0.675051,0.574760,0.801518,1.526307,-0.684023,0.934122,-1.855399,0.975255,-0.281896,
-0.673214,0.183961,0.671911,-2.048538,1.845308,-0.284142,1.148879,-0.093664,-1.386714,2.606095,
0.547689,0.840796,0.688807,-0.561655,0.087364,-0.537560,-1.528363,0.276244,-1.489491,-1.262148,
0.379612,-0.843472,-0.384140,1.117644,-1.143965,0.201946,0.269259,0.322743,-0.972648,0.675557,
-0.515924,-0.446088,-0.498404,-1.023271,1.607218,-0.059846,0.197715,-0.886538,-0.447146,-0.711795,
2.583477,-0.907281,0.315956,-1.512169,-1.208731,1.054593,-1.204428,-0.523937,0.359882,-0.067870,
-0.369023,-0.231425,-1.820590,0.395102,0.204238,-1.164929,0.723714,-0.941620,-1.431786,-1.885372,
-0.188934,-0.683002,1.692310,0.523383,0.037973,-0.722323,-0.552860,0.352412,-0.411418,1.059303,
0.001891,0.837375,1.352131,-0.743519,-0.830270,2.075028,-0.095361,1.571990,-0.240917,1.323812,
-1.140299,-0.123058,-1.297378,-0.013309,0.579744,-0.725318,0.411227,0.894197,-0.848143,2.379799,
2.277539,0.746301,0.877046,0.648103,1.508413,0.412966,0.080196,0.204879,0.085368,0.274472,
1.270231,1.254287,0.307487,-0.878128,0.635204,-1.116079,-0.902307,-0.633066,0.487005,-0.892882,
0.909411,0.544700,-1.224242,1.087881,-0.933579,0.508697,0.851470,0.383703,0.396311,-0.691535,
0.157023,-0.549501,0.548412,-0.064942,-1.472968,-0.977698,-1.678258,-2.252981,-2.073359,1.587653,
1.573004,2.041912,2.126234,1.360849,1.632508,0.768826,-0.394275,1.635910,-0.612460,-1.266689,
0.130423,0.937191,-0.384656,-1.247065,0.231904,-1.678209,-0.906543,-1.602098,0.275278,1.418244,
0.219172,-0.200594,-0.568083,0.312451,0.442172,0.932643,-0.047699,-0.163266,-1.705708,1.194547,
-1.102332,-0.821001,-0.209437,-0.507826,0.597142,1.081905,-1.468666,-0.969188,1.427546,-0.024019,
0.068334,-0.146156,2.393532,-0.606858,0.647739,1.104445,1.662623,-0.141976,0.884573,0.726531,
1.436214,0.540540,0.124769,0.275209,0.282505,0.383826,1.098949,-1.355575,0.215042,0.126462,
-0.995222,0.702500,0.019450,-0.795205,1.923530,0.491765,1.440779,0.884667,-0.083173,0.109712,
0.384401,-1.698350,-0.252515,0.505946,0.153914,1.327479,-2.711099,-0.029792,1.867677,-1.253078,
0.812513,-0.158005,1.058844,-0.985159,-2.186512,-0.748522,0.839760,-0.670580,0.953609,0.987091,
0.891621,-1.031072,-0.741069,0.703798,-1.160631,0.743714,-1.255656,-0.041392,-0.597922,-0.245480,
-0.513204,-0.558019,0.434494,0.946597,-0.699295,-1.113457,-0.048397,0.447369,-0.353932,-0.418647,
0.412541,-0.289723,0.136214,-0.892304,0.119697,0.046209,1.045862,-1.972655,-0.522399,0.060195,
0.089799,0.543193,-0.840155,-0.392088,-0.228980,0.281502,-1.416833,0.600036,0.438020,-0.361371,
-0.015333,0.596118,-1.288630,-0.990814,-1.314410,-0.269348,-1.248670,-0.032804,0.940400,0.755074,
2.052794,-0.084955,0.433673,0.992585,-0.362574,-1.084944,-0.015406,0.366518,-0.472236,0.154059,
0.249403,1.492496,-0.153358,1.268428,0.388795,-0.901303,1.540554,-0.226478,0.193332,2.593142,
0.372622,-0.369481,0.001127,1.202356,0.054161,-1.720482,2.045602,-0.530958,-1.212464,1.470205,
-0.186506,0.516643,-0.503888,-0.705086,-1.185021,0.212842,0.862578,-0.645351,0.235880,0.122934,
-1.185012,0.852507,-1.015799,-0.310097,-0.081799,0.561970,-1.462721,2.013320,-0.467716,-1.120967,
1.159625,-0.251943,-1.681813,-0.469874,1.256610,0.412450,1.028779,0.832761,0.887235,-0.312217,
0.264232,-1.011236,-2.529264,-1.064115,-0.287907,0.561434,-0.992370,-0.969594,0.099573,-0.461719,
-0.816609,0.118237,0.212960,-0.034565,0.587157,-0.192726,0.051160,-0.867962,0.068727,0.310817,
-0.081860,-0.707083,0.343884,-0.429304,0.198700,-0.451683,0.070844,-0.289746,0.846363,-0.175487,
-0.495700,-0.184640,-0.240965,-1.464161,1.142428,0.132706,-0.672357,0.391743,2.660624,0.717638,
1.222137,-0.166257,-0.339207,-1.842221,-0.504741,-0.688018,-0.472509,-1.440620,-0.208387,0.051278,
0.313076,-0.385964,-0.031855,-1.146652,-2.517339,-1.964261,1.001681,1.427545,0.138462,-0.008896,
1.549644,0.421503,1.306541,0.381913,-1.175315,-1.771394,-0.189843,-0.286060,-0.063619,-1.138532,
-0.570022,-1.735170,0.667315,-1.873938,-1.650983,-0.095794,-1.452015,-0.079793,1.954559,-0.358434,
-0.621430,0.123100,-0.754075,-0.679865,-0.436733,-0.600542,0.659205,-1.867487,-0.777712,0.387681,
-0.486912,-0.127082,0.260713,0.105513,-1.581584,-0.697682,-0.701402,-0.504031,1.580562,-1.172875,
0.059042,0.200304,0.547463,1.125369,1.967105,-0.278620,-0.528008,-0.716683,-1.790320,-1.222781,
-1.445099,0.411872,1.071738,-0.479045,1.833621,0.068354,-2.037991,0.466498,0.247996,-0.936951,
-0.147107,-1.020775,-1.624268,-2.202966,-0.261604,0.162834,-0.894468,0.194217,-0.190085,-0.395116,
0.530193,-0.228696,-0.764103,0.277146,0.633569,1.557684,-1.208866,-0.533104,-0.832573,1.523257,
0.341452,-0.952484,0.707103,-0.436713,1.580344,-0.647622,0.680814,-0.125557,-0.392143,-1.167804,
-0.116731,-0.120867,0.518988,0.257264,-0.392605,0.549790,-1.686671,-0.159902,-0.421894,0.080588,
0.958446,0.695178,0.079379,0.367994,-0.759075,1.195157,0.049315,1.385480,0.012028,0.176436,
1.199644,-0.457313,-0.834927,-0.233012,-0.830513,0.751133,0.641357,0.237392,0.535307,-0.897060,
-0.130244,0.793036,0.438862,1.283761,-1.356317,0.039245,0.603702,0.233407,1.417809,0.371158,
-0.657960,-0.897131,-0.499566,2.074761,0.430924,0.700181,0.330489,-1.472418,1.122829,-1.528408,
-0.292232,2.549623,-1.493507,0.798541,0.361723,1.545904,-0.518609,0.433430,-0.301706,-0.758483,
-0.715786,-0.363885,-1.818839,-1.482742,1.619575,0.481045,-0.264629,1.974412,0.538495,-0.090618,
-1.480867,1.392080,-1.898507,-0.400177,-0.512159,1.003834,0.832648,-0.489698,0.899034,0.345734,
-0.902501,-0.790404,-1.156601,-0.071531,-0.485504,-0.017886,-0.321369,0.809183,2.069486,0.146394,
1.375919,1.086042,0.832921,0.749720,1.260662,1.747105,-2.238306,-0.130929,-0.290938,0.524956,
1.597542,0.776505,1.062676,-0.380464,0.545926,0.383898,-0.010277,0.464457,0.050701,-0.931108,
-0.239547,-0.285337,-0.149082,0.371912,0.816435,0.640245,0.030790,0.441644,-0.242326,-0.789847,
-1.065747,-0.369320,0.604669,-1.318141,-1.175263,-2.003031,1.431461,-0.024888,-0.201570,-1.251671,
-0.210905,0.636845,-1.649513,1.054513,-0.601590,-0.270157,-1.373101,-1.425882,1.275295,-1.965314,
1.101815,-0.873011,-1.217657,-0.621124,0.574733,-0.325774,1.387549,0.329155,0.043895,-0.795084,
0.828872,-0.898519,2.335792,-1.027365,-0.145993,1.923527,-0.991484,-1.578799,0.435491,-0.042387,
0.811141,-0.735795,0.094022,0.705574,1.879535,-0.545185,-0.630702,0.389402,-0.507543,1.956667,
-0.011331,0.541474,-0.179220,0.286660,-1.367389,-1.206100,1.203185,1.019908,0.735856,-0.140570,
0.213695,0.631914,-0.323633,-1.819232,1.314644,1.124886,-0.317533,1.372032,0.296630,0.768604,
1.535705,-0.605853,0.057138,-0.980158,-0.891686,-0.396377,-0.767853,1.601137,-1.023548,1.488465,
0.492423,-1.853249,-0.378421,-0.095784,0.308985,-0.357411,-0.466596,2.543095,1.074111,-0.159138,
-0.193549,0.493207,-1.661683,-0.192815,0.272624,-0.562052,-0.631918,0.108138,-0.466148,-0.016925,
-0.295526,-0.645576,0.645060,0.778996,0.344062,1.041723,0.012031,-0.214233,-0.109395,0.527575,
0.086282,0.018744,-1.607535,1.453767,-0.202437,-1.969268,0.196856,0.088420,1.256050,0.108263,
-0.775894,0.753269,-1.284251,-0.449532,-0.240383,-0.408886,1.558922,0.529371,-3.012953,-0.020328,
0.174620,-1.149274,0.342248,-0.446614,0.091370,-1.684881,-0.433065,0.622367,1.102436,-1.531443,
-1.374262,-1.153239,1.189799,0.883779,-0.179219,0.394561,-0.493647,0.122097,2.185663,-2.433533,
1.623534,0.161828,-0.463710,0.290742,1.141110,0.027745,0.073815,-0.817358,-1.252757,0.283884,
0.077879,-1.550270,1.547073,1.277305,0.653321,2.112381,-0.436729,-0.514373,-0.916925,-1.401804,
1.517946,0.160610,-0.914995,-0.421082,-0.179992,1.949202,0.019024,-0.376988,-0.156627,-0.459156,
0.132810,-0.567598,-1.023995,-0.744650,0.672206,1.247559,-1.831754,-1.053703,0.837747,-0.852507,
-1.210014,-1.248103,0.782506,-0.163472,0.475328,0.218942,0.145821,-1.977342,0.454559,-0.259148,
-1.966287,1.145728,0.220032,0.507826,-0.382300,0.807137,-0.292132,-0.170725,0.143538,0.591071,
-0.853107,0.831114,1.100568,-0.577821,-0.300472,-1.062028,-0.324063,-1.163372,0.647954,0.012344,
-0.176019,0.035093,0.926383,0.040642,-0.220514,-1.688220,-1.190983,0.117475,0.627517,-1.105398,
-0.363990,1.982825,-0.550962,-1.755935,-0.869007,-0.263259,-0.672410,-2.245661,0.649210,0.255434,
-0.035292,0.808115,-2.204903,1.356958,0.055538,-0.144327,-1.048629,-0.191284,-0.225952,-0.550859,
0.032820,0.282118,-0.574604,-0.409978,-1.151448,-1.426290,-0.513104,0.206571,-0.231993,-0.582325,
0.134432,0.070242,2.276872,-0.316254,-0.581473,1.186546,1.328970,1.421850,0.479638,0.270532,
0.788965,0.056878,-0.511535,0.044694,-0.204371,1.022351,-0.486081,1.959326,-0.867999,-0.202030,
0.735968,-1.062845,1.101320,1.264262,-0.929715,-2.172662,1.248042,-0.520032,0.980772,-0.356006,
-0.061698,-0.986794,0.208180,-0.093244,-0.094083,0.098510,-0.141698,0.188797,0.095959,1.852278,
0.293092,2.238543,-0.800401,1.641941,-0.249467,2.405101,-0.176938,1.269340,0.258568,1.350438,
1.528420,-0.400754,0.053210,-0.351397,-1.952836,-0.172372,-2.653679,0.024224,-0.350145,0.146947,
0.717943,-1.204738,0.570073,-0.177883,0.345463,0.524658,-0.256507,-0.984936,-0.955033,0.532124,
0.403224,0.403379,-1.058733,-1.325557,-0.859569,-0.690247,1.531354,0.769382,0.103232,-1.348997,
0.896400,-0.279363,0.443185,1.885728,-0.495692,0.300863,-0.759755,-1.507368,-0.852822,0.177008,
1.415881,0.246470,0.199292,-0.192287,1.237285,0.060942,0.214721,0.018830,-0.939043,0.752006,
-0.421765,-2.069427,-0.583049,-0.136863,1.753441,-1.812178,-0.662747,-0.286527,-0.403494,1.506234,
1.630325,1.584095,0.544550,-1.034898,-0.629573,1.044595,1.024057,1.407389,0.038448,0.426309,
2.565134,-0.807435,0.301181,0.976913,-0.131895,-1.080027,0.242319,0.531881,-0.860615,1.226681,
-0.212723,-1.268431,-1.127232,-1.655399,0.249592,0.704510,-0.529978,-0.431093,0.596917,0.260161,
0.632748,-0.823259,0.846864,0.732167,0.155184,-1.481175,1.313409,-0.217860,0.282666,-0.890289,
-0.792557,-0.451846,-1.181459,0.622092,-0.011719,-0.421467,-2.273427,0.912396,-0.558298,-0.943093,
-0.380818,-0.680230,-0.432036,0.115056,-1.034617,-0.857598,0.931616,1.848706,1.299214,0.313977,
0.953455,-2.102057,0.334748,0.604348,-1.274187,1.312648,1.409994,-0.191604,1.218032,-0.871782,
0.176504,0.918121,0.222347,2.226236,-0.100577,-0.176001,-1.796294,-0.959263,-1.268960,0.222461,
0.217231,1.072648,1.167414,0.147425,0.101873,-0.014442,-0.855573,-0.600942,0.214664,0.636117,
0.318761,-1.037669,0.272345,-0.074653,-0.772746,-0.230599,-0.439789,-0.061838,-0.144386,-1.429298,
0.008404,-0.683580,-0.460939,1.951031,2.348419,-0.452373,0.099977,-1.360672,-0.277973,1.432883,
0.534711,0.657737,-1.526928,-0.889021,-0.975251,0.762842,0.463425,-1.165405,-0.146348,-0.828652,
1.309706,-1.550934,1.031502,-0.197527,-0.890968,-0.276389,-0.359250,1.803606,0.230280,0.333297,
-0.063506,0.467487,0.831132,0.564952,-1.125169,0.197971,1.267905,-0.150396,-2.267717,-1.215738,
0.198647,1.394041,0.912054,-0.974660,1.437935,-1.099069,0.678661,1.390687,-0.528418,-0.942901,
1.903143,1.366245,-0.587329,0.914906,0.379383,-0.325898,0.986854,-1.715310,-0.376996,-0.743174,
-0.079968,1.673241,-0.889912,-0.729831,-0.362777,0.482012,1.280935,0.293874,0.835749,-0.239927,
0.088197,-0.902384,0.806223,-0.117437,0.763546,0.929517,1.244468,-0.560823,1.063053,0.133060,
-0.800120,0.013446,0.725249,0.648838,-0.679117,-2.161714,-1.104614,-0.078137,-0.322820,0.713500,
0.977177,-0.159883,-1.267326,1.486521,1.342711,2.409783,0.047990,2.083232,-0.170353,-1.119300,
1.217952,0.311282,1.519835,0.520437,0.129141,1.712278,0.747867,0.669684,1.758275,-0.023568,
0.096161,1.145687,-0.733205,0.587285,0.473314,-0.875608,-0.983649,-1.091340,0.890064,-2.534137,
0.162551,-0.405117,0.458162,0.343660,0.552738,-0.181619,-1.137366,-0.485365,0.803870,-0.187148,
0.056337,0.687133,1.703858,-0.881546,-0.677929,0.472365,0.729210,-0.213323,0.255651,-0.123917,
-0.248063,0.772095,0.625862,-1.003264,-1.962173,-0.640657,-0.346398,-0.924175,1.071016,0.108636,
0.292338,-0.639323,-0.430110,0.099247,0.625190,-0.839005,0.684964,1.510083,0.059377,-1.203350,
0.228185,-0.108895,-0.507586,0.414634,0.954938,1.545548,0.261480,1.362679,-0.495062,-0.257655,
1.403236,0.560402,1.216559,0.904123,-0.725158,-0.003234,-1.278277,-0.221363,0.538028,0.287084,
-0.586266,0.246340,-0.328689,0.880937,0.396658,0.299116,-1.182318,1.399635,0.684353,-0.844063,
-2.244581,-0.059501,-0.341860,-1.211210,-1.333669,-0.385987,-1.402786,-0.065038,-0.826477,-0.107168,
1.104650,0.640072,-0.476479,0.629113,0.714555,-1.226628,0.300177,-1.905871,-0.128931,-1.460153,
-0.503461,-0.277909,-0.108731,-0.996131,-0.817863,0.359056,1.546010,-1.972768,0.461047,1.708380,
-1.767803,-0.027632,-0.543270,0.074257,-1.134104,-1.031087,0.932717,-0.258769,-0.984761,0.040545,
-0.746222,-0.095165,-0.211346,-0.280172,-1.251080,1.771579,0.193080,0.628380,1.022280,-1.891908,
0.746597,-1.141455,1.476693,-0.718933,0.975230,-1.553109,1.057796,-0.396891,-0.320490,0.632095,
-0.099256,0.644450,-0.865309,0.879254,-0.024327,0.152531,1.471950,-1.106119,-0.151224,0.365792,
0.811414,-0.033349,0.397502,0.401965,0.213577,-1.472486,0.263479,0.970239,0.340042,1.622609,
-0.213395,0.373146,-0.139469,-1.984487,0.628193,0.704238,-1.412965,-0.713141,0.926014,-0.044338,
-0.152850,-0.501426,-1.014292,0.769323,1.052808,1.814870,0.904448,-0.635977,-0.849369,-0.619657,
0.693537,0.067657,0.995378,0.108994,1.121022,1.001334,-0.159538,-0.947554,0.018135,-1.025119,
1.544248,3.155283,0.053029,1.400932,-0.153417,0.467276,0.535134,-0.475396,-1.239674,-0.517256,
-0.630243,0.288096,-1.248092,-1.109481,-1.118190,-1.042080,-1.547977,1.765436,-0.616510,0.746654,
0.199570,-0.553878,-0.343092,0.324011,1.764067,0.373707,-0.202958,-0.347872,0.164059,-1.328059,
0.454736,1.373913,0.458297,1.276374,-1.006418,-0.681838,-0.936500,0.068800,-2.795748,-0.923515,
-0.635643,-0.777436,0.239795,1.504475,1.144164,1.411806,-0.648618,0.095383,-1.965138,1.154524,
-0.477061,1.337827,-1.671407,0.783106,-0.329660,2.087659,2.269898,1.781488,-0.463163,-1.525267,
0.322668,-0.945308,-0.199356,1.468202,-0.376506,0.728621,0.291586,1.900986,-0.076515,-0.438743,
-0.618029,0.374448,0.817322,-1.138476,0.247524,0.632655,-0.595366,-0.663332,-0.223512,1.342745,
-1.737343,0.779429,-1.818180,-0.583261,1.709330,0.928523,-2.233433,-1.529527,1.233410,-0.811702,
-1.405209,-0.851949,0.688726,-0.646882,0.670353,-1.010621,0.325747,1.378712,-2.007876,0.137585,
0.508270,-0.473397,-1.001031,0.828752,-0.886312,-1.473052,-1.186810,0.453826,0.175960,1.818717,
1.888563,1.575397,-0.009396,-0.880615,0.936438,-0.597455,-0.812074,-0.706985,1.363424,-0.107589,
-1.246398,-0.732211,-1.621931,0.485371,0.054950,-1.863329,0.498875,0.212864,-0.562898,-0.446687,
1.214187,0.346958,0.145660,0.599541,0.022715,-0.846442,0.626275,-0.422519,-0.267670,-0.923217,
1.842086,-0.503096,-0.947914,-0.526127,-0.181764,-1.609821,-0.540778,0.300044,-0.954440,-1.258545,
1.157452,0.956476,0.175199,1.946415,-0.145312,0.137678,-1.838599,1.426412,1.304058,0.810135,
-0.271746,0.931894,-1.632415,0.152945,0.151860,1.237937,0.805835,-0.375920,-1.834746,0.228550,
-0.492085,-0.024015,-0.695696,1.237193,1.045367,-0.916064,-0.531864,-1.156996,-0.811521,0.681198,
-0.189180,0.532300,0.723064,-1.233418,1.644112,-1.406720,0.208690,1.704045,-0.368196,-0.685671,
0.187305,-0.772286,1.096398,0.462745,0.582863,0.298071,0.541009,1.073381,-0.587044,0.152693,
0.455522,-0.501531,1.100348,1.551291,-1.676625,-0.810990,-0.189589,0.383439,0.202226,0.080325,
0.978608,0.059443,1.653572,0.709654,-0.329017,-0.839157,-0.578511,0.612133,-0.155359,-2.013969,
-0.439925,-0.132443,-0.901570,0.244337,-1.798646,-0.729698,-1.442643,0.558930,0.085836,2.042166,
0.821701,-0.189858,-0.258167,0.451151,1.369837,-1.607560,0.374883,-1.925394,0.813176,1.197657,
0.277643,-0.639033,0.225422,-0.186488,1.192194,0.515756,-0.577354,0.788888,0.746043,-0.928666,
0.017079,-0.101052,3.310795,-1.064788,-1.509716,-0.655485,-1.249608,-0.465028,-0.393010,-1.466048,
-1.177512,0.225698,-0.104972,-1.226255,0.095506,-0.221766,0.201239,-0.044945,2.813075,1.948831,
-1.556619,1.629006,-0.199012,0.894931,2.296293,-0.567010,-0.957258,0.492941,-1.088111,1.555796,
-1.018636,1.261883,0.711129,0.217998,1.497233,0.146767,0.326464,1.102204,-0.325272,0.113264,
0.935625,-0.841943,-1.533094,0.398854,-1.000531,-2.225832,-1.705103,0.570541,-0.136919,0.024264,
-1.251436,-0.953815,0.419111,-0.996494,0.219422,-1.934223,-1.756414,-0.563007,0.948884,0.357109,
-0.818844,-0.264765,-1.095227,0.033837,0.986463,0.747851,0.610820,-0.431360,0.533949,-1.254298,
1.259032,-1.988718,-1.201816,0.012939,1.043488,0.929430,0.982720,-0.671310,1.653738,0.938765,
-0.099230,0.418832,0.956586,-0.316013,1.122583,0.922164,-0.030728,-0.152105,-1.773534,-1.633973,
-0.642026,0.010090,0.766510,1.739723,0.797541,0.155585,1.261292,-0.302809,-0.112355,0.653208,
-0.060419,1.338831,2.239891,-3.113162,0.210827,0.360936,1.557848,1.040274,-1.280850,0.630489,
0.234962,1.820804,0.510796,0.033207,0.832830,0.923092,1.706462,-0.876427,1.058341,0.005499,
-0.736769,0.630559,-1.677509,1.228033,0.743145,-0.144140,0.611659,0.211253,1.295346,0.144927,
-0.261507,-1.962134,0.202918,-0.063144,-0.445924,0.445704,0.005705,1.285083,-0.810607,0.219464,
-0.911516,0.401638,-0.448278,-0.170974,-0.248397,0.541094,2.367715,-0.275011,0.328321,-0.951770,
-0.344346,-0.766358,0.248879,0.336330,-0.863426,0.115801,1.010035,-0.218821,2.164336,-0.720299,
0.422416,-0.370127,0.589883,-1.635473,-0.397876,-1.542692,-0.144110,-1.213692,1.883183,-1.389445,
0.149377,-3.036449,-0.850985,0.099575,-0.269244,0.698311,0.389448,-2.077232,-0.203348,0.561987,
-1.580965,-0.400269,1.546950,1.316238,0.920801,-1.868032,-0.571514,0.541188,2.370885,-0.227966,
1.129347,-0.551304,0.511151,0.685856,0.011429,0.113760,-0.931347,0.767044,-0.692510,1.036008,
-0.916758,0.969944,-1.323852,0.624370,0.722004,0.122850,-1.648278,-0.159212,-0.551957,-0.319272,
-0.248386,-0.897543,2.299822,0.812990,-1.910215,0.173596,-1.122876,-0.459622,1.498995,0.442657,
0.087693,-2.326380,-0.916887,0.687685,0.116829,-1.883330,1.924020,0.183435,-0.528796,0.092481,
-0.573478,-0.180640,0.838457,1.315852,-0.998833,1.459661,-1.727105,0.256664,-0.018887,-1.564428,
-0.452930,-0.333443,-1.253740,-0.363146,-0.583327,-1.023195,1.657665,1.157108,0.425972,-0.123800,
1.808906,2.499480,-0.391262,0.714258,0.027464,1.135735,0.038050,1.142492,0.477481,-0.522283,
0.535988,-1.441986,-0.923439,0.897760,-0.492719,-2.064332,-0.246220,-0.738729,-0.708503,0.022286,
-1.634187,0.052756,0.963812,1.594248,-0.535783,0.029805,-0.083229,-0.513946,-0.298564,-0.406309,
-0.487145,-0.569932,-0.238928,2.405328,-0.237169,0.157398,-1.630422,-0.232827,-1.509305,1.161890,
-1.688522,-0.581024,-1.804331,1.164116,-0.781049,0.173883,-1.095453,0.953855,-0.744200,0.859125,
-0.652708,1.853968,0.390586,-1.021474,-0.706992,0.212399,-0.514324,-1.566817,-0.055962,1.635054,
-1.576915,0.312914,-1.951792,0.502191,-0.454881,0.370320,-0.217564,0.190323,-0.511211,-0.215562,
-0.098510,1.003350,0.196272,0.901612,-0.907154,-0.982414,0.418616,0.206715,0.141240,-2.739779,
-0.246265,-1.174012,-0.721922,1.538136,1.285342,-0.455239,0.306948,0.275720,-0.376628,-0.120431,
0.219793,-0.473024,0.361361,-1.269177,-0.587964,0.714884,0.198461,0.599270,0.364644,-1.272393,
-1.456986,-0.721717,0.439074,-0.548912,0.853074,0.874625,-0.671408,-0.845111,0.673073,-0.236110,
0.262727,1.207354,-1.280173,0.785096,0.518166,0.047960,-0.223023,-0.894038,0.301146,0.000546,
-0.819220,-1.128822,-0.756105,-1.008455,-1.219590,-0.539149,0.008100,1.458117,-0.200618,0.112340,
0.217548,0.279697,-0.107893,0.171459,0.579297,1.933363,-0.426759,0.515958,0.415935,0.521907,
-1.597638,1.882176,1.393193,1.796957,1.327643,-0.458973,-1.476911,-0.608832,0.351185,-0.981208,
-1.030376,-1.238319,-0.408072,-3.302998,-0.361373,-0.626257,0.149733,0.036925,1.224288,1.157808,
0.959117,0.123244,0.576125,-0.685003,1.268440,1.610387,0.251048,-0.030528,-3.420988,0.563468,
-0.735049,0.198856,-0.712148,1.225429,0.084985,0.111904,0.292967,2.491248,1.572295,0.277147,
-1.104445,-0.434106,0.952431,0.281696,0.704728,0.913514,-1.242467,0.635105,1.218425,1.707348,
-0.839231,-0.067371,-1.705646,-1.132174,-0.080847,-0.970139,-0.190816,-0.467439,-1.283803,0.050108,
-0.003799,0.893969,-1.841771,-1.637448,1.600540,-0.477758,-0.080455,-1.127073,-0.440112,0.120188,
0.575731,0.329174,0.996337,0.310171,0.370714,0.878303,0.893750,1.372127,0.948453,-0.301024,
0.086901,-0.495588,-0.171314,-0.004485,1.320508,0.665137,0.621760,1.465262,-1.179735,-0.164656,
0.703521,-0.649789,-0.310447,0.956627,-1.854855,0.135000,-0.266596,-0.766924,0.092069,-0.165708,
-0.281540,-0.912611,-0.874820,0.103125,0.542304,0.448629,0.919290,-1.149321,0.739372,-0.285411,
-0.191867,-0.690156,1.015700,-1.342208,-1.058112,-0.282206,-1.591624,-0.925794,0.659820,-0.475322,
1.042648,-0.543268,0.269553,-1.176737,-0.469134,-0.774569,-0.256476,1.022546,-0.182799,2.423347,
-0.366052,-0.084792,-1.238991,-0.340302,-0.271534,0.433801,1.430910,0.108015,0.552730,-1.323561,
-0.799127,1.470356,-1.456153,1.588476,1.111436,1.000977,2.175042,0.963073,-0.484581,0.948338,
0.858819,0.950891,-0.662591,-0.477397,-0.823079,-1.677784,-0.614625,-0.263670,-1.303081,0.311215,
0.181905,-1.476001,-0.750058,-1.416947,-0.159141,-0.131787,0.552935,-0.896975,1.251587,-0.164838,
1.507366,-0.779973,1.271423,-1.783683,0.496701,-0.565212,0.502008,1.627010,0.815860,0.165603,
0.631543,0.629284,0.863217,0.232714,0.901137,0.120154,0.438629,0.115849,0.580540,1.120781,
1.198152,-1.684236,0.273147,0.598563,-0.543748,0.895154,-0.277585,0.507262,0.418560,0.310329,
-0.027563,-1.113124,-0.268635,0.730587,-0.616161,1.308456,-0.378005,0.299540,-0.148280,0.516931,
-1.267662,-0.532999,1.080279,0.967079,-0.918419,1.225378,-1.519839,-0.692009,1.281189,-1.458599,
-1.022011,-0.709425,0.625403,-0.033301,0.804165,0.932089,0.722603,0.078573,-1.625025,0.678675,
-2.179950,0.762411,-1.416228,-0.138582,0.987160,1.431464,0.303549,0.596308,0.288458,-0.795081,
-0.315580,-0.814331,0.620131,0.301521,1.044206,1.230002,-0.820074,-0.998853,2.439704,0.454188,
-1.118016,0.478372,0.166743,-2.261043,0.996946,-0.218715,-1.348962,-0.526285,-2.515993,-0.911967,
-0.817264,0.380432,-0.592773,-0.068047,0.834424,-0.666704,0.924050,-0.058494,0.535298,0.722231,
0.857512,-0.375314,-0.361570,0.683253,-1.020693,-1.978004,0.317080,1.454016,1.307545,0.678145,
-0.440069,-0.770411,-0.862437,0.921558,1.886434,-2.064432,0.266046,-0.330086,-0.485702,0.214658,
0.046478,-0.335848,-1.314395,0.015810,-2.659043,1.049687,0.353335,-2.240537,-1.925825,2.274716,
1.360174,-0.453003,-0.647771,-0.505263,0.131838,0.286715,-0.164393,-2.848877,1.331161,-0.054307,
-0.685352,-0.234871,-0.834294,2.132304,0.807412,0.642249,0.625438,0.954058,-1.201021,-0.426912,
-0.153823,0.343043,-0.209682,0.118224,0.757415,-0.566497,-1.549366,-0.879622,-0.491331,-0.068174,
1.147730,0.217736,0.297218,0.522880,-0.605044,1.560790,1.149496,0.077350,1.177637,0.031289,
-0.122881,-0.739471,-1.666056,-0.705606,0.812479,-0.757243,1.016208,0.549785,-0.104197,0.080472,
0.956125,0.838309,0.727276,-2.191409,-1.310684,0.097750,2.274561,-1.275818,-0.573156,0.097096,
0.050244,0.228830,2.330917,-0.704450,-1.061934,0.742384,1.339161,-1.082900,-0.255781,-0.636017,
-1.659376,-0.417302,0.806023,-0.253053,-1.213504,-0.148663,0.237960,0.581163,-1.025508,-0.194063,
0.584695,-0.181115,-0.564502,0.205460,-0.082714,-0.032055,-1.645270,-0.171801,-1.191773,2.968957,
-0.476581,1.310201,1.135715,1.531070,-2.188500,-2.472720,-0.496962,-0.294000,-1.015478,-0.568844,
0.369361,-1.321514,0.582160,0.257661,-1.479433,0.597296,-0.769310,-0.601363,-1.117810,-0.040160,
-2.081012,-0.587442,0.249705,-0.187983,-0.854688,-0.759293,-0.468407,0.452283,-0.761416,-0.666778,
0.201220,-0.136169,1.372827,0.115317,0.578110,1.142195,0.646531,-0.377815,0.585582,-0.580815,
0.852072,2.254341,0.514068,0.302645,1.003277,0.601120,-1.994202,-0.239036,0.277115,1.518817,
-0.305630,-1.221825,0.063410,-1.674887,0.631670,-0.127533,0.363601,-0.560246,0.082601,-0.120044,
-0.037661,0.000023,0.891258,-1.957559,0.077787,-0.661385,1.004365,-0.811847,-0.872536,0.556997,
0.398638,0.905190,-0.127592,0.387780,0.425147,-0.555098,0.093805,-0.284339,0.753825,-0.316055,
0.319344,1.015510,-1.257686,1.247352,0.685178,0.049446,1.301853,0.483582,-0.758976,-0.133279,
-1.312974,1.435061,-0.111871,1.479693,-1.065769,0.212504,-1.264351,0.243757,-0.001145,0.572977,
-1.309056,-0.544430,0.504755,2.611431,-0.729595,-0.903475,-1.492335,-0.144656,-0.633105,0.180235,
-0.345375,0.684986,0.051696,-0.449575,-2.388155,1.358231,1.444049,-0.382851,1.369170,-0.423884,
-0.436471,1.282178,-0.640658,-0.390203,0.135168,0.877962,-0.202864,-0.856341,0.045376,-0.244282,
0.518279,0.128837,-0.070702,0.865936,-0.917047,0.280380,-0.675455,0.220211,0.096069,0.623767,
-0.524668,0.800786,1.949563,-1.347386,-0.605918,-1.367561,-1.624356,0.892822,-0.374005,-0.479417,
-0.140944,-0.017621,0.019485,0.165466,-1.876537,1.496207,-0.691713,-1.137004,0.360301,1.432178,
0.186468,-0.142513,-0.000198,-2.413377,-1.782723,0.130440,0.325206,-0.236506,-1.392577,0.030666,
0.743532,-0.176579,0.044226,0.612018,0.152357,1.830000,1.195981,0.990789,-0.683537,1.590977,
0.676069,-1.084528,0.752365,-0.615156,-0.890860,0.868416,0.997736,0.277077,-0.675881,-1.394216,
1.008196,-0.609507,-0.420821,-0.587107,-1.786547,-0.454320,-0.149819,-1.301279,-0.942048,-0.797604,
2.088023,2.011292,0.569308,-1.494925,0.386185,-1.156098,2.829675,-0.963306,0.831561,-0.012794,
-1.083326,-2.063787,-0.393516,0.058951,-0.185465,-0.704399,-0.311617,0.991780,1.367985,0.437866,
1.957018,-1.047303,1.088018,-0.077053,-0.836248,-1.334361,-1.233035,0.893777,1.512988,-0.037028,
1.302254,-0.744581,1.179367,-0.216694,0.263318,-0.396294,-0.619922,-2.045722,1.934592,0.250202,
-1.533830,-2.117877,1.939504,0.121949,-0.194092,-0.348435,1.024666,1.588906,-1.006210,-0.128750,
-1.741235,-0.966198,-0.148496,0.593514,1.264888,0.706802,0.438557,0.180108,0.487490,0.496856,
0.612434,-1.058040,-0.916403,0.725784,-1.566659,-0.351722,-0.906181,-0.547281,-2.340329,-0.443159,
-1.623514,-1.358855,0.449356,-0.423614,-1.118788,1.039735,0.439824,0.859250,-0.480519,-0.292128,
0.230891,0.878905,-0.005633,0.245178,-0.246865,0.253768,1.044911,0.293723,-1.024748,-0.164969,
1.681274,1.115932,0.803482,-1.063341,-0.299950,-0.433252,-0.976275,-0.526292,-1.489858,-1.348340,
-1.073821,1.746328,-0.226880,-0.879532,-1.338583,0.090145,-0.541769,-0.011357,-0.102347,-2.244464,
-1.260657,0.939344,0.764515,0.875077,1.702163,0.863373,-0.566015,0.205615,0.218207,-1.087128,
1.174060,-0.363611,-0.884512,0.135896,0.588476,-0.696707,0.869654,0.399189,-0.241639,0.916692,
-0.843853,0.541073,0.623403,0.207353,-0.596113,-0.892742,-0.361494,0.644789,0.297939,2.141865,
-1.548336,0.509554,-2.027186,0.338257,0.855567,-0.093839,-0.532822,-0.908945,-0.197487,-0.480325,
-1.451532,-1.727716,-0.299109,0.688201,-0.622699,-0.602264,1.506411,-0.727962,1.878820,0.867114,
0.158582,0.291449,-1.248711,0.911896,0.878700,0.214696,1.183350,1.257671,0.067993,-0.087938,
1.947200,1.073298,-1.151373,-0.662261,-1.461610,-1.154243,0.032047,-1.320079,-0.246627,-0.507522,
-0.606391,-0.829125,-0.763378,-1.287718,0.325323,0.391597,-0.444512,0.540658,-0.827786,-0.861052,
1.541074,0.647748,0.988300,0.459622,-0.629316,0.060639,-0.874777,-0.926310,-0.704008,-0.638063,
0.342141,0.813514,-0.049865,-1.454835,-0.856379,0.117119,-0.266273,0.405328,0.960316,-1.692269,
-0.959569,-0.748691,1.118012,-0.521401,-1.232598,0.701156,-1.011410,0.229337,-0.166740,1.870076,
-1.306279,1.373744,0.210382,-1.237980,-0.667513,0.195049,-1.525449,0.796841,-1.360961,0.164905,
0.742609,1.320819,0.037833,1.626507,-0.608301,-0.382432,0.460627,-1.201156,-0.578119,0.580572,
-1.007170,-0.748977,0.384906,-0.049435,-0.861460,-0.496345,-1.354109,0.661587,-2.093609,0.793452,
-1.395146,-0.679138,-0.577783,-0.636260,-0.614866,-0.403563,-1.378094,0.444836,1.303161,0.550021,
0.927554,-0.505751,-0.524381,0.328168,0.399953,-0.141886,1.025434,-1.105951,-0.709911,-0.730790,
-0.254912,-0.920663,-0.320881,-0.056972,2.455159,-0.115920,0.915505,0.702671,-0.523399,-0.259105,
-0.534135,-1.204117,0.456435,-0.056513,0.173755,-0.370071,-1.293462,-0.383663,-0.242827,-0.469892,
-0.385129,0.351390,0.361772,-1.054445,0.661775,0.708666,1.448888,-1.468837,0.509796,-0.229352,
-0.647245,-0.439353,0.001148,-0.280851,1.017348,-1.347926,1.499846,-0.849363,-1.023801,0.125456,
1.744349,-1.089580,-0.576389,-0.692164,0.933399,-0.717648,0.406672,-0.237873,-1.017810,-0.308604,
0.136836,0.766961,1.857818,-1.832938,-0.525626,3.139102,0.435468,-0.237959,-0.111530,-1.480856,
-0.309675,-1.209515,-0.457578,1.868836,-0.234992,0.626139,-0.645255,-0.823136,-1.556224,1.549385,
1.106757,1.786726,-0.587005,-0.772468,1.911282,1.184733,0.444015,-3.148938,-0.704165,0.481564,
0.264082,-1.882468,2.370140,0.008348,-0.725122,2.209759,-0.871392,-0.424226,0.475601,1.104435,
-0.935235,0.565422,0.144343,0.473279,0.300882,0.725026,0.312102,-2.071043,-0.239550,0.666174,
0.256741,-2.080805,0.320575,-0.302483,0.721839,1.104646,-0.299706,1.590341,0.815280,0.701492,
-0.023658,-0.252119,-0.690169,-0.124186,-0.239595,1.257751,-0.453729,-1.110266,-0.016235,-1.342679,
0.267652,0.290717,-2.363718,-1.584382,1.657263,1.244483,-0.247146,1.037715,-0.404986,-0.886117,
0.951528,0.309223,0.892390,1.194199,1.703551,0.936864,1.709728,0.491944,0.776926,1.312095,
0.059365,1.453988,-0.296327,-0.564339,-0.278575,-0.183127,-1.922979,0.529153,0.800772,0.199166,
-0.294502,0.145712,0.953740,-0.071830,-1.292601,-0.040418,0.921918,0.363667,-0.677805,-0.936583,
-0.510101,0.257703,0.679566,0.114073,0.969665,-0.464646,-0.816185,1.202561,-0.282521,-0.247384,
0.551259,-0.566958,-0.001576,2.228192,-1.093323,-0.265883,2.024105,-1.361871,-0.531120,-1.015861,
1.246298,-0.488201,-0.482130,-0.043337,-0.132707,-0.514209,0.721992,-1.282226,1.098193,0.707891,
0.384395,0.139435,0.016185,-1.712080,-0.611725,-1.327936,-0.331856,0.688648,1.278705,-1.498826,
1.385480,0.546740,-0.176403,-0.707773,0.863647,0.268940,0.123358,-1.073768,-0.854466,1.225702,
-0.775530,-0.986554,1.144751,-0.431645,-2.982050,-0.840027,-0.171912,0.601011,-0.109365,-0.077277,
-1.107207,0.151170,0.225873,0.282418,-0.240376,-0.588873,-1.213767,1.412421,1.477720,-0.616037,
-0.402944,-1.782450,-0.231032,-0.191484,0.552600,0.500140,-0.573434,-0.000418,0.537106,-1.168160,
-0.821499,0.452800,-0.076502,1.216917,1.984840,0.325585,0.513779,2.033512,0.759297,-0.517173,
0.485532,-0.776518,1.307515,1.678372,0.940093,-1.990599,-0.081594,-1.156572,-0.830395,0.258666,
1.371438,-1.668029,1.423656,0.309352,1.047498,1.550871,0.401631,-2.450765,-0.591070,-0.613974,
1.462844,-1.070847,0.653495,1.598671,1.068600,-1.370533,-0.416957,0.577053,0.581160,0.115466,
-0.307669,0.215082,0.095015,-0.618687,-0.145951,0.303300,-0.121936,0.960506,0.449751,0.130977,
-0.385891,-0.186915,-2.049425,0.128540,-1.122172,-0.048802,0.075448,0.588257,-2.090733,-0.154220,
-1.029283,0.363017,0.659574,-0.456490,0.582211,0.844348,0.756765,1.126614,0.545326,0.411994,
1.456046,-0.958674,-1.139625,-0.236517,-0.591817,1.378323,0.928944,1.024260,-1.085155,-0.481563,
0.381967,-0.663616,0.113747,0.752155,-0.527531,-0.857857,1.670985,-1.071520,0.761789,0.038982,
-1.372301,0.929209,1.551117,1.031388,-0.497604,2.007395,1.731115,1.940422,-0.450977,-0.094170,
0.033243,-0.221709,0.114405,0.673504,-0.462700,1.072139,-0.268056,1.480206,-1.737146,-1.599983,
-0.705006,0.666180,0.576554,-2.050494,0.094248,0.416590,-0.526875,0.720017,0.851680,1.155294,
-0.505348,-0.433065,-0.061296,0.986215,-0.688985,-0.521969,2.144689,0.008937,-0.904909,-0.783539,
1.131493,1.545774,0.110218,1.476300,0.784174,-1.033210,-0.050745,-1.394291,0.278933,-1.305758,
-0.385212,-0.228929,-2.146894,0.992114,-0.367832,-0.553891,-1.051531,-0.834693,-1.854777,-1.769996,
0.294538,0.575756,-0.714759,-0.795499,-0.928085,1.734327,0.725668,-0.091455,0.001839,0.175904,
-0.781043,-0.998354,1.043737,-0.227761,-0.595881,1.121828,1.522355,1.529246,0.333500,1.437559,
-1.799097,-1.336876,-0.884119,-0.281518,-0.325508,1.228436,-0.992085,-0.557576,0.333603,-0.913444,
-1.188637,-0.345828,-0.580207,0.696796,-0.814400,0.952169,-0.891376,0.239299,2.508338,-0.380770,
-0.486031,0.718237,2.658388,-1.724461,-1.528121,0.848431,-0.440897,-1.675394,-0.169549,1.288678,
-0.444644,-1.259398,-0.551524,0.776310,0.193108,0.302985,-0.096562,-0.282408,0.894371,0.306435,
-0.555378,-2.002515,-0.609809,0.518967,0.812786,-1.455898,-0.940177,-1.362463,1.066354,-0.909832,
-0.792860,-1.189792,1.235935,0.567267,0.193758,1.990005,0.345330,1.841685,1.788651,1.451995,
0.850749,-0.985961,0.098316,0.607548,0.215486,-0.456302,-0.401543,-1.834831,-0.851233,0.040343,
0.400372,1.638792,0.801317,-1.111421,-0.734120,0.683260,0.509639,0.071054,-1.110443,1.024533,
1.008292,1.532032,-0.177191,0.372797,0.138601,0.257431,-1.966618,1.088861,-2.004083,0.794924,
-0.308665,-0.973948,0.024793,-0.986598,0.778926,-0.623473,2.290089,-0.111228,0.665390,-0.373551,
-0.240785,-1.423902,-1.536909,-0.272009,1.362614,-1.701256,1.891365,0.581635,-0.398989,1.462995,
-1.274867,0.941425,-1.460213,-1.185718,1.049774,-1.099014,2.193232,-0.739218,1.099556,0.595698,
-0.472227,-1.263161,1.619117,-0.837606,1.818275,-0.741051,-1.256702,0.594925,-1.025673,0.185614,
-0.641631,-1.039356,-1.146898,-0.233227,-2.473051,0.147463,0.192048,1.403980,-0.504156,0.350691,
0.382026,0.892101,-1.805990,-0.769602,-1.325896,-1.133200,-1.040527,0.130799,0.304786,-1.502670,
-0.432178,-0.711293,0.787464,-2.448305,-0.694728,0.892394,-0.547012,-0.428137,0.431287,-1.830807,
0.178113,0.781431,-1.599806,0.186351,0.381961,-0.208663,0.223313,-2.027062,-0.223661,0.431975,
-0.406410,0.226880,0.183926,-0.161670,0.160403,0.861298,0.771190,-2.000281,0.255598,-0.270223,
-0.430197,1.555600,-1.025469,-1.321030,1.314812,0.500887,0.792569,0.784316,0.081078,-0.743454,
0.540878,0.621496,-0.011972,-2.050210,-1.024994,-1.708252,0.041517,-0.645428,-0.239918,-1.387770,
1.530047,1.175299,0.928859,-0.115332,-1.886066,0.322532,-1.569379,0.737462,-1.681433,2.222135,
-0.231400,0.723112,0.234332,1.036176,-0.008886,1.040056,-1.747275,0.859564,-1.494045,0.124159,
1.400942,-0.546143,1.324873,-1.068460,0.816523,-0.567424,1.922825,-0.768651,-0.716448,0.531562,
0.550224,1.889541,-0.298806,1.228639,-0.164436,1.120615,0.101040,0.751312,-1.002795,2.162604,
-1.161185,0.547328,0.525535,1.041102,0.056765,0.948396,0.674496,1.581427,0.872953,0.477399,
-0.137351,-0.005737,0.551311,1.236572,-0.438892,-2.094185,0.426953,-1.136543,-0.803559,-0.930609,
-1.237545,-0.767225,-0.336385,-0.529394,-0.663315,1.499651,-0.559026,0.591740,0.000939,0.922304,
-0.104737,-0.411776,-2.192469,0.642476,-0.042839,-1.463206,-0.506258,0.052140,-0.237931,-0.099052,
2.191786,-1.026002,0.824438,-0.292362,0.526372,0.708511,-2.283518,-0.534302,1.620712,-0.523081,
-0.357878,0.387337,-0.348954,-1.460242,0.330601,-0.400017,0.004971,-0.168186,0.540367,-0.871130,
0.894666,1.455717,-0.738080,0.361313,0.900423,0.031384,-0.900969,0.510865,0.425001,0.751628,
1.723161,0.514555,-0.461737,0.751014,0.436879,-1.540427,-0.272961,-1.303893,-0.053042,-1.956956,
0.401093,-0.512868,-0.399189,0.040165,0.763119,0.122706,-0.297109,0.548551,0.269937,-0.775729,
0.337535,0.747590,-1.521415,0.970017,0.588375,0.605597,0.868769,0.927497,-0.320906,-1.017697,
-0.416544,0.015989,0.174275,-2.367290,-1.028937,-1.600757,-0.074679,1.951682,0.215652,-0.182225,
0.196677,-1.440868,-0.359967,-0.915551,-1.120885,0.703720,0.492454,0.512219,0.815652,0.503963,
0.217951,0.088314,-0.959075,0.772790,0.023940,0.348137,0.565135,0.718305,0.857173,-0.889571,
-1.667849,-1.591958,-1.113163,-0.762490,0.229725,-1.150421,0.692971,-0.401562,-1.660631,-0.046972,
0.738481,0.326469,-0.577788,-1.242119,0.933670,-0.621126,-0.933279,-0.928018,0.848582,0.626150,
0.877021,0.529070,0.237498,0.286447,-0.317483,0.388954,-0.615956,-0.911852,1.334516,-0.008568,
-0.784532,0.611088,1.689257,-1.111767,0.747980,0.212878,0.501801,0.741277,1.061622,-0.087190,
-0.799077,-1.497989,0.012044,-0.281196,1.117378,-0.197548,0.964201,0.301369,-0.254033,0.698883,
-0.946874,-0.231337,0.320857,-1.384591,0.817690,0.924489,0.414710,0.067049,0.477078,0.122758,
-0.406756,1.428469,1.525593,-2.606894,-0.261697,1.094786,1.274141,-0.091152,0.538040,0.662264,
0.071354,-0.342157,-1.432588,-0.042027,-0.571724,-2.072065,0.049158,0.407398,-0.808771,0.602258,
-0.164029,0.183965,0.653200,1.124204,-0.719515,0.649067,-0.008613,-1.894528,0.576114,0.115481,
0.384578,-0.075053,1.089443,-1.287579,0.531204,0.321427,0.113823,-1.277051,-1.171576,-0.554446,
0.174471,-0.659165,-0.267447,0.137941,0.520865,1.635750,0.296000,0.643206,-2.007400,1.989015,
1.826987,2.467570,0.546538,-0.654677,-1.364015,-0.156880,1.196383,1.663476,1.346786,2.252784,
-0.746850,0.665822,-0.276265,-0.052494,-0.217678,1.448909,-0.021227,-1.887407,-1.560798,-0.418939,
0.615138,0.082531,0.203320,-0.744322,0.610159,-1.731584,0.187481,-0.907096,0.844413,-0.716414,
-0.066126,0.646135,0.940416,-0.024975,1.378974,0.641213,0.500793,0.351669,-0.057366,-0.141566,
-0.972436,-0.617076,-1.772112,-0.808539,0.654972,0.274942,-2.942414,-0.926076,-0.734325,1.589322,
-0.853802,0.963231,0.387996,-2.087315,0.681058,-1.504722,0.256062,-0.204630,-0.017327,0.076931,
0.471633,-0.460817,0.649469,0.115916,0.020788,2.321673,0.383211,0.809601,1.633356,0.547362,
0.655194,-0.790754,-0.317316,1.371370,-0.973565,-0.273162,-0.104295,-0.469054,0.979144,0.868817,
1.940211,-0.452263,-1.174096,-0.167657,-0.155696,0.072152,0.017740,-1.387186,0.194842,0.528348,
1.520080,-0.148519,-0.461411,0.001387,0.140330,-0.171363,0.139798,0.106674,-0.801038,-0.058868,
-1.915636,1.912993,1.044057,0.969207,1.451463,-1.078847,2.212612,0.396197,-0.484509,-1.586364,
1.303533,0.296225,-0.654718,0.798784,0.242055,-0.128134,-0.017227,1.205553,0.506048,-0.651382,
-0.742992,-2.303091,-0.747997,1.194118,0.049004,0.023813,-1.042146,-0.034302,0.192913,1.805869,
-0.778164,-0.644120,0.597822,1.429757,1.530808,0.286161,-0.485867,-0.480155,-2.123212,0.200683,
0.860917,-0.185135,0.278575,-0.963554,0.289959,-0.141387,0.232185,-0.838866,0.488205,-0.099687,
0.836656,2.077998,-0.945651,-0.936781,0.775078,-0.207650,0.212267,-0.934584,0.586875,1.169852,
-0.417290,-0.422562,-1.253356,-1.721376,-0.280225,-1.798835,1.136922,0.174867,0.745531,0.691336,
0.566154,1.147892,1.961860,0.381825,-1.150203,-2.005884,0.267725,2.001643,1.597880,-0.409928,
1.285906,0.434819,0.248528,1.492976,-1.005151,-0.563669,-0.233770,0.554274,0.092800,-0.106883,
-1.231413,-1.094419,-0.068367,-1.485083,-0.310527,-1.405367,-0.439975,0.856837,0.722712,-0.893914,
-0.621552,-0.242036,0.139984,-0.128252,-1.899853,-1.196370,0.756550,0.593768,-0.349943,0.947845,
0.230081,-0.238606,1.033011,0.668348,-1.212767,0.408955,0.008908,1.077610,1.867608,0.315623,
-0.661443,-0.718451,0.742661,-0.916484,0.914301,-1.391612,1.206738,0.444099,-0.053539,-1.186497,
1.595928,1.272921,-1.054469,-1.133564,1.301484,0.886243,1.305509,-2.335178,-1.238590,1.298845,
-0.526979,-2.326269,-0.755901,-1.137558,-0.127510,-0.576430,-0.099081,0.714493,-0.831712,0.219745,
-0.714653,-1.089039,0.663884,0.364351,1.982682,-0.756512,0.517834,0.273973,1.039641,1.014577,
-1.788219,-1.296719,0.079950,-0.233004,-0.153780,-0.008149,0.802658,1.155181,-0.140624,0.494949,
0.959857,0.282833,0.959297,0.596840,-0.635913,-0.006888,-1.491704,-0.649891,-1.465938,0.119475,
3.053919,1.109204,-0.812157,-1.018925,-0.598807,-0.466442,1.554028,0.903226,0.349299,-1.417294,
-1.405980,-1.386630,2.005078,-2.744793,-0.053994,-0.030436,0.467199,0.003340,0.535614,-0.852842,
0.378289,0.372017,1.789070,1.088366,0.421901,1.748557,0.045708,0.516468,-0.403912,-1.299874,
-0.277847,0.377217,-0.906868,1.088859,-1.287857,1.510421,0.697266,0.979945,0.172311,1.577423,
-0.980266,-0.016571,0.952310,1.028579,-2.623080,0.467642,-1.234413,-0.245817,-0.324032,1.632924,
0.700791,0.512169,0.685999,0.394723,-2.328615,-0.361615,-0.276803,-1.153776,0.456766,0.320258,
-0.845887,1.213725,0.876441,-0.977267,0.950121,0.741393,-0.506695,-1.734335,-1.408115,0.339088,
0.172575,0.988077,1.422280,-0.305127,-0.142728,1.918050,-0.603388,1.024533,1.865137,-0.819132,
-0.556602,-1.614914,-0.092079,0.382480,-1.116042,-1.850658,-1.090878,0.607951,0.386399,0.217960,
0.991881,0.966355,-0.298814,-1.446352,0.479128,0.296714,0.906915,-1.513072,0.146362,0.601543,
-0.571927,0.289395,-2.100262,-0.105669,1.545157,-0.329358,2.383900,-0.781176,-1.040642,0.943720,
-0.187003,-1.193169,0.271526,-0.254094,0.578090,-0.632087,-2.146073,0.182403,0.294577,0.521557,
-1.142289,0.013893,1.305402,-0.459906,-1.299875,-0.411326,-0.326647,-1.866250,-0.461623,-0.245099,
-1.912006,0.005298,0.173785,0.146032,-1.843202,0.103449,-0.436721,-1.773096,-1.099034,-0.056269,
1.218571,0.949800,1.446966,-1.137490,-1.206125,-1.661416,1.849782,-1.144877,0.881536,-0.463130,
1.871699,-0.548336,-0.916874,0.341071,-0.085216,1.856036,-0.733671,1.190142,-0.064958,-0.800905,
-0.476168,-0.136250,1.433395,-1.722862,0.329854,-1.379722,-0.721269,-0.429637,-1.586950,0.077040,
1.780216,0.157556,3.158184,0.282001,-0.615302,-1.457100,0.257588,-1.088972,-0.230144,0.658581,
-0.055951,-0.543462,0.492397,0.626438,2.592705,0.957145,-0.043893,0.692133,1.473245,-2.149692,
1.646108,-0.098088,0.698025,1.504482,1.229980,-0.941403,0.917290,0.013415,0.151830,-0.841018,
1.320002,1.558872,0.746878,-0.152913,-0.599550,0.360734,-0.867827,1.618491,2.095219,0.091802,
-1.183410,0.853692,0.641665,-1.122961,0.073554,-0.667246,-0.212997,0.382689,-0.545701,-0.122881,
0.623946,-1.255609,-0.097155,2.244614,0.256079,-1.479639,-0.961096,1.007915,-0.482646,0.605996,
-0.178323,-0.026529,1.443612,-1.725276,1.146409,-0.564465,-1.318886,-0.712265,0.043096,0.409234,
0.594968,-1.325669,-0.386745,-0.295893,-1.015711,-0.399586,0.622461,-1.410419,-0.329569,0.436701,
-0.232842,-0.307894,0.833958,-1.049608,0.628942,-1.596803,-0.463059,1.612823,-0.389613,1.711527,
2.063376,1.098645,-2.112805,0.642023,-0.010404,0.384225,-0.359338,0.788220,-0.816983,-0.076383,
-1.956714,-0.340847,-0.357557,-0.103931,1.239395,0.509120,-0.057467,-0.791783,-0.197816,-0.386076,
-0.710668,1.632405,-0.417535,-0.197516,1.235320,0.815270,0.223432,-2.794124,-0.188992,-0.056588,
-0.602011,0.255869,-0.815228,-0.814703,0.957566,0.628254,-0.228015,0.277349,-0.590075,0.725862,
1.872337,0.088564,-2.000591,-0.433445,-0.830263,0.988337,1.594156,0.157705,-0.609748,0.386403,
-0.599350,-0.362797,0.895192,0.274164,0.055716,-1.736325,-0.081926,-0.159640,-1.780487,0.429921,
-1.073865,-2.008986,-0.841486,1.776224,0.644156,-0.313297,-1.257624,1.163761,-0.584155,0.954532,
0.232260,0.186246,1.024793,-0.669121,-1.563995,0.183141,-0.844073,-0.304904,1.435783,-1.261914,
0.731837,-0.257788,0.956575,0.201439,-0.433970,0.654530,-1.162433,0.099184,-1.574686,0.738532,
-0.786421,-1.995172,-1.051893,-0.485188,-0.269564,-1.181130,-0.853182,-1.952453,-0.336717,-0.767195,
0.569280,0.664647,-2.172447,-1.266064,1.010390,-1.491001,-1.624767,0.329593,-0.553918,1.948106,
0.758531,0.040803,-1.147777,1.141252,-0.900719,0.270663,-0.744463,0.854388,0.612668,1.724266,
-0.865186,-0.484291,-0.601294,0.721483,2.004264,-1.931356,1.341317,-0.095193,0.331962,0.440975,
-0.394397,0.386289,-0.569867,0.811129,-0.265052,0.808481,3.589822,-0.332411,-0.691768,-0.275460,
0.674273,0.005569,-1.090920,1.931109,-2.982200,-1.003179,0.151068,-0.273103,0.402566,0.664889,
-0.125565,-1.142530,0.542898,-2.411769,-0.932290,0.803495,-0.919394,1.196788,0.000610,0.927090,
1.336163,0.489005,-0.186030,-0.617069,0.827429,0.084379,-0.038291,1.215869,0.169733,-0.108920,
-0.200300,-0.627499,-0.950956,0.210578,0.522389,1.041456,0.553874,1.213730,0.281905,-0.815681,
-0.922617,1.032582,1.143728,0.301773,-0.209629,0.303003,-1.181514,1.922810,-0.506512,1.105641,
-0.015665,0.305469,-0.909902,-0.002409,-0.497838,0.929680,-0.027223,0.145375,0.885099,-0.486803,
0.084923,-0.382439,-1.008992,0.737667,0.523458,-0.427109,-0.992569,0.159158,0.531478,0.121782,
-0.949906,1.555248,0.907881,1.167522,-0.520241,-0.366409,-0.931663,2.748010,0.619448,-0.708839,
0.954425,-0.674390,1.001212,1.221199,-0.503390,-1.421070,0.133526,0.541463,-0.918435,1.318819,
2.368841,-1.080356,-0.472518,-0.513601,-1.302640,0.251546,-0.204932,-1.420332,-0.997191,-0.221943,
-1.360411,-1.133640,-1.222076,0.226368,0.707056,2.094485,-0.555548,-0.044499,0.455490,-0.071277,
0.455941,0.715395,-0.192868,0.304766,1.904068,-1.386818,-0.528088,0.824385,-1.230963,-0.274440,
0.392931,-2.357248,-0.393734,0.431266,0.397245,-1.605150,-0.448525,-0.913158,-2.318963,0.976640,
-1.575329,-0.460923,-0.218564,-1.950886,1.798805,0.954210,-0.612959,0.083757,0.649093,0.707377,
0.538209,-0.193496,-1.150830,0.712765,0.158569,0.090922,-0.184973,0.204299,-0.973719,-0.143244,
0.219730,1.112650,-0.450392,-0.267390,-0.248077,0.125145,0.062996,1.031396,1.122260,-0.980576,
1.210322,-0.414126,0.997527,1.115482,0.775331,0.907967,2.135406,-0.062606,0.730972,0.977276,
-0.898079,0.925587,-0.510995,-0.869918,-1.277559,0.184747,0.635218,0.393978,-1.092535,0.476201,
-1.368844,-0.020352,0.004160,0.166924,0.866228,-0.456495,1.426031,-0.629825,-0.329119,0.420224,
0.077907,0.543137,-0.557810,0.188893,0.423242,0.951303,-0.259732,1.621985,-2.661539,2.418445,
-0.730647,-1.405120,-1.041649,-0.917491,-0.985946,0.558352,-0.726536,-1.336989,-0.573053,-1.101362,
-0.911552,1.255080,-0.618200,-0.477634,0.850162,1.268347,0.044890,-0.853648,-0.492974,-0.168985,
0.471282,0.047807,0.073310,0.925462,1.589655,0.819537,-0.410145,-0.495622,0.430028,1.003355,
-1.902263,0.743097,0.142518,0.663564,-1.615327,-0.440557,-1.294518,3.353604,0.316145,0.338251,
0.247473,0.890403,0.084776,-1.426545,-0.031554,0.855192,0.602673,-2.171560,-0.160192,1.542873,
0.862675,0.267681,1.871509,-1.439159,-0.070388,1.041517,1.249779,-0.843446,-0.450349,1.937231,
0.010850,0.125997,1.577631,1.157545,0.785944,-0.838529,-0.942268,0.503856,0.384788,1.707251,
-1.050091,-1.781512,0.664552,0.687719,-1.118875,-0.097848,0.528555,-1.224575,0.626419,-1.646731,
0.353468,-0.054457,-0.074718,0.142766,0.114704,-1.310977,1.022809,0.831244,0.235039,-0.287866,
0.000767,-1.490575,-1.015225,1.309162,1.523366,0.835538,-0.301068,1.344160,-0.504564,-0.638284,
0.672846,1.581743,0.772981,-0.036705,0.720188,-0.755563,-0.659109,-0.258434,0.542058,1.710730,
-0.462400,-0.133681,0.244316,-2.051025,-0.059073,0.725171,-0.031397,-0.576005,2.320180,-0.372563,
0.537133,1.247019,0.532964,0.275509,1.253801,-0.423010,-0.489946,1.934804,0.572207,-0.268796,
-0.721315,1.480344,-0.409668,0.459036,-0.581331,-0.768108,-0.185140,0.100545,-0.595802,1.032860,
-0.663069,0.512726,0.074290,-1.089245,-1.825310,-0.147945,0.407641,-0.671615,-0.398764,-0.033769,
0.863945,-0.828749,-0.197144,1.337044,-0.792158,-0.084521,0.116131,-1.178932,0.510139,0.461791,
1.020568,0.468307,-1.196213,0.207996,1.278374,-0.066030,1.605825,-0.041926,-0.477197,-0.562252,
-1.923087,0.411424,-0.201798,1.302974,-0.622397,-1.297628,1.572527,0.160866,-0.725562,-0.256994,
-0.252491,0.239951,0.864935,1.109085,-0.659180,-0.210132,-0.138688,1.105513,-0.056254,-0.358825,
2.060768,-0.433667,0.858900,1.438444,-2.007408,0.496685,-0.782769,2.020549,0.564650,0.057958,
0.752625,0.020693,-0.494502,0.635106,-0.604853,-0.684781,0.234903,0.236902,-1.464620,-1.186785,
-0.453156,0.220364,-0.232311,0.040395,-2.064768,0.327083,-1.113428,0.269099,0.922559,-0.691209,
1.338486,-0.619530,0.397207,-2.114607,-0.686326,1.318839,-0.349807,2.354890,-1.419193,0.797870,
0.411544,-1.222732,-0.814382,-1.434104,-1.039905,-0.895263,1.357034,1.116085,-0.930475,-1.265177,
1.065879,-1.280650,-1.193941,0.790538,1.461791,0.135566,-0.032469,-0.568625,0.338690,-1.243264,
1.079167,-1.112220,-2.133472,1.337399,0.849216,-0.901365,-1.513471,0.252875,0.902393,-0.551291,
0.436779,-0.719387,0.025439,-0.085419,0.251873,1.500954,-0.421647,0.757621,-0.035879,-0.416739,
-0.624735,-0.278131,-0.559495,-1.348388,-0.223055,0.005355,0.170185,-0.194185,-0.277429,1.093888,
-0.539869,-0.859007,0.939745,0.895730,-0.361306,0.290474,0.858759,1.552105,0.446750,-0.051202,
0.262500,1.690933,1.344802,-0.938011,1.588955,0.434358,-0.508276,1.036557,0.325442,0.512549,
0.461332,-0.418727,0.812382,-0.307501,0.596473,-0.158682,0.533575,1.637279,0.116703,1.170210,
-1.468494,1.078944,0.506376,1.966086,1.075564,0.636020,0.394159,1.681486,2.387239,-1.229709,
-0.208732,1.101860,-0.240764,0.588616,0.058792,1.040876,-0.833484,1.115021,0.758730,-1.625416,
-0.137187,0.484420,0.839690,0.865129,1.248521,-1.487293,-0.936595,0.999919,-0.087705,-0.104334,
0.501065,-0.511148,0.990742,0.336108,-0.525395,-0.750947,-1.381086,-1.052910,-1.462462,-2.225748,
1.244907,-0.713206,-0.515848,-1.111746,2.023555,0.961046,-0.139664,-1.729928,-0.384783,-1.211664,
1.122520,-0.131564,-1.358016,-0.077588,-0.563862,0.242649,-0.654198,-2.855331,-0.271666,1.223689,
-0.172259,-1.065831,-1.184523,0.184191,0.067513,0.367938,-0.828260,0.769788,0.016711,0.900002,
0.317828,0.325038,1.943655,0.000609,-0.516616,0.394832,0.462656,0.759541,-0.529415,0.091795,
0.531497,0.696840,0.913028,1.243763,0.359684,1.460957,-0.902082,0.027000,0.298347,0.247684,
0.664858,0.049540,1.266286,-0.554492,0.281919,-0.711109,0.211493,0.670421,0.311785,0.643954,
1.861641,-0.807845,-0.985123,0.504614,0.835236,1.412956,-0.121422,0.061704,0.120026,0.024862,
1.280525,-3.159801,-1.649700,2.853896,-0.110074,0.765943,0.668026,0.970168,1.153418,0.656040,
1.560975,0.908220,0.765629,-1.099303,-1.671419,-0.737597,0.862947,-0.101897,0.989934,-0.036835,
0.027464,0.267286,1.365124,0.818171,-0.710302,-1.298877,0.072260,1.354168,1.110969,-0.404797,
0.522130,0.323862,1.406931,1.757540,0.032911,0.861522,0.251040,-0.009565,-1.763893,-0.436598,
-0.980136,2.078111,-0.491220,0.382178,-0.157103,-0.567882,-0.470626,2.134198,0.635867,-0.228707,
-0.139536,0.429092,-2.292836,0.260382,-0.754292,-1.397247,0.585078,1.105842,-0.661426,0.085505,
-0.856092,-0.031153,-0.208961,-0.269164,-2.034881,-0.637271,-1.002232,-2.179985,-0.531362,0.454382,
0.037322,1.083621,0.286369,-0.419583,-0.242522,-0.379992,-0.703494,0.905547,-0.567803,-0.806255,
-1.154633,-1.355122,0.174306,-0.722923,1.151737,0.525321,1.624045,0.111551,-1.428802,0.772301,
-1.910232,0.874111,-1.450919,0.204178,1.439153,-0.263923,0.603902,0.067676,0.207167,-0.740988,
1.162978,-0.524524,-2.243744,-0.621976,0.407660,-0.556065,0.003160,1.345857,1.103965,-0.978748,
-0.768958,-0.999113,-1.594085,0.844727,0.199845,0.434839,1.071040,-0.777423,0.359901,1.340719,
0.376578,-0.670748,-0.251521,-0.384972,0.536976,0.685592,-0.356705,1.549778,0.256745,-1.808836,
-0.139339,-0.621778,0.045242,2.016179,-0.725438,1.419918,0.521760,0.733013,-1.205967,-1.390579,
-0.270893,1.452388,0.317782,-0.648094,0.394646,-1.575545,0.356770,-1.095122,1.931187,-0.811809,
1.048983,0.470326,-0.295750,0.904196,0.633173,0.097408,0.404132,-1.086222,0.709028,-0.726813,
1.219070,-0.212367,1.930048,0.088147,0.372157,1.145717,-2.522924,0.316656,-1.341386,-0.133267,
1.288344,1.279679,-1.455197,0.367316,0.563048,-0.863088,-0.802479,0.493236,-0.592625,-1.254527,
0.391377,1.301300,-0.415737,-0.442816,1.695983,-0.294398,0.790490,-0.040040,-0.966476,1.188969,
-0.164583,-1.396465,2.134056,-0.143452,-1.145805,-0.126614,2.263500,-1.468151,0.525153,-0.430636,
-3.088958,-0.984108,0.406975,1.198299,-1.513471,-0.177003,-1.720690,1.229308,-1.457297,-0.273066,
-2.246227,0.465305,0.185432,0.526090,0.217517,-1.814652,0.207977,-0.961515,0.048891,0.408543,
2.692685,2.748179,0.361277,-0.748361,-1.845626,1.474519,1.615491,0.217638,0.141430,-0.048783,
1.219505,0.196516,0.307361,-0.825004,2.276610,-0.685770,0.050584,-0.514803,-2.350042,-0.906261,
-1.728449,0.025389,0.688046,0.195431,2.375137,-1.147721,0.300813,-0.668757,-0.236165,-0.713626,
0.311651,0.243326,1.266484,0.844693,0.849332,0.048192,-2.407452,-0.400738,0.133418,-1.808025,
-0.635693,3.308788,-1.325265,1.837707,-0.372698,-0.619926,-0.029950,1.364669,-0.006377,0.021127,
1.235821,-1.043400,0.835028,-0.956174,0.177806,-2.362786,-1.193084,0.498933,0.381323,-1.239826,
0.408716,0.566273,2.654297,-0.770913,-0.333240,-1.291362,-0.672494,-1.765816,0.438359,1.659214,
-0.183584,-0.135637,0.266733,-0.472661,1.406630,0.164614,-0.367940,-0.810719,0.272930,0.913130,
-0.113164,0.411476,0.598561,0.315302,-2.043933,-0.269145,-0.084499,1.800516,-0.481447,0.432950,
0.743743,1.263733,0.469231,-0.283003,-1.006897,-1.629813,-0.106371,-1.730249,-0.739623,-3.176855,
-0.585220,-1.061615,-0.737393,-0.917199,-1.931828,-0.437056,-0.058053,0.896357,0.453822,-0.296365,
0.671031,0.659610,-0.685547,-2.323787,-1.531569,-0.178619,0.009008,1.909290,-0.848644,1.082944,
0.424094,-0.147590,-1.284869,-0.756301,-0.348457,-0.248955,-0.228084,-0.190452,0.089227,0.024796,
-1.631535,-0.327598,0.293181,-0.542256,-0.439202,-0.702224,2.600702,-0.307544,-0.851906,-0.430083,
-0.949432,0.596647,-1.019245,-0.262706,-1.311402,-0.567624,-1.809330,-0.959853,-1.145533,0.038236,
-0.778616,0.141008,0.234241,-1.573134,-0.363861,1.633612,-0.152505,1.416973,0.839845,0.080478,
1.606088,-1.215809,1.680005,-1.461126,-1.424366,1.002091,0.847735,-0.592370,-0.036384,1.707322,
0.708833,-0.739620,-0.997923,-0.130013,-0.058278,1.826062,3.026176,0.764340,0.629439,0.617241,
0.288098,0.458332,1.200642,-1.337367,-0.336577,-1.130193,-1.041400,0.540084,-1.442554,0.671074,
1.022079,-0.676461,-0.545090,1.620203,0.839984,0.022738,0.055019,-0.228231,-2.101027,1.326969,
0.315151,0.499735,-0.315144,-0.184501,0.259780,0.927682,-1.069514,-0.839393,0.883741,1.357665,
-1.835730,-0.698142,-1.142929,0.499514,-1.223867,1.115381,-0.582700,0.449148,0.532017,1.087381,
-1.065740,-1.352085,0.263898,-1.007526,-0.882347,0.791970,-0.253758,0.750116,-0.320376,-0.124335,
-0.050110,-0.970844,0.948572,-0.763352,-0.234531,-1.500569,1.436788,0.865082,-1.086802,-1.095251,
0.848374,0.474222,0.002885,1.244366,-1.026943,-0.343645,0.312782,-0.479566,0.590364,0.220777,
-1.315148,-0.074120,-0.976069,-0.167858,0.657700,-0.993263,-0.612719,0.173610,-0.873042,-1.737718,
1.370949,0.780328,-1.853957,-0.932771,-0.437550,2.075877,0.408113,0.206256,-0.625647,-1.542585,
-0.849678,0.286290,-0.370387,-0.281642,0.242978,0.129052,-0.149974,1.476794,0.702187,-1.009119,
1.035045,0.024028,-2.110854,-1.423044,2.017254,-0.511003,-1.977935,-1.575851,-0.038908,-2.242820,
2.219347,0.085485,0.919669,-0.726271,-0.419934,-0.057845,-0.097331,0.522206,1.297699,-0.910039,
0.982481,0.129004,-0.557467,-0.197000,0.599102,-0.361101,1.358018,-0.414474,0.136526,-0.185672,
-0.974981,-0.192786,0.210028,1.192223,-0.144960,-0.381364,2.534782,1.432377,0.973281,-0.315728,
0.471670,-1.015755,-0.468552,0.625690,1.759787,1.587787,0.441047,0.257113,-0.297655,-0.055671,
0.894444,1.269555,1.259416,3.263382,1.217198,1.047727,0.800058,1.532257,0.338265,-0.930596,
-1.069991,-1.303133,0.077270,-1.271006,-0.420953,0.420927,0.890942,-1.750432,1.394145,0.004053,
0.891595,-0.248753,-0.924426,0.128502,-1.817295,-0.273847,0.263003,-0.902312,0.031016,0.592550,
-1.447217,0.098302,0.913942,0.107183,-2.010506,-0.724906,-0.258606,1.873564,-0.104872,0.895549,
-0.135521,-0.198922,1.171444,-0.842717,0.373460,-0.863908,-0.849159,-1.324492,0.870886,0.216256,
-1.522514,-2.302579,0.038148,-0.748603,-0.135028,0.088421,0.214214,1.415655,0.289067,-0.117077,
-0.414371,-1.417277,1.055558,1.172971,0.305318,-0.514962,0.181729,0.468041,-0.473105,0.097757,
-0.527047,-1.338588,1.211157,-0.057098,2.450954,-1.321661,-0.978495,0.355400,-0.066456,-0.593680,
-0.271189,3.726895,2.968461,1.297706,-0.095747,-1.714297,-0.351804,-0.371342,1.181097,0.269080,
-0.560079,-0.332316,-1.011917,0.155771,-1.220954,1.315450,1.040497,-0.818420,-0.901121,1.163292,
-1.422719,-1.026679,0.359597,1.010265,-0.071251,-0.840693,-2.173501,0.676130,1.593568,2.278276,
-2.059577,1.172056,-1.481492,-1.290820,-0.279356,0.827782,-0.428338,-0.425395,-2.120707,-0.613042,
0.239735,-0.501608,-1.972947,-0.111939,-0.358880,-0.384500,0.810800,-0.589103,0.806472,-0.469137,
-0.990232,0.536521,1.127124,0.826205,1.303113,-0.757853,0.769515,0.117031,1.047398,-0.284762,
-0.543403,0.012649,-0.390818,-0.166492,1.565984,0.816693,0.618617,0.654963,0.765097,1.250796,
1.213426,0.675827,1.979931,-0.651835,0.803586,0.954116,0.364874,-0.832053,-0.661131,0.667785,
-0.063283,-1.132057,-0.158253,0.084119,-0.855836,-0.119138,-2.771948,0.124270,1.188022,0.083334,
-1.216867,1.094035,-0.460401,-1.456485,-0.172154,-1.888400,0.568528,1.062068,-1.046441,1.558180,
1.770337,-0.072458,-0.979321,-0.694530,-0.108457,-0.568964,-1.343579,-1.741135,1.186796,0.801903,
0.942860,1.313012,-1.048208,-0.793500,0.089020,0.498963,0.799766,0.122195,0.377887,-0.993858,
0.738299,1.485383,0.850869,-1.036728,1.022908,-2.432718,2.275601,1.853658,-0.949982,0.674020,
0.020477,0.574030,0.193673,-1.771658,0.285659,0.767514,-1.700179,-0.006147,-1.319410,1.026008,
0.750942,0.855728,-0.800815,-0.606205,-0.644448,-0.604783,-0.522517,0.000160,-0.358424,-1.292906,
1.178897,-1.623320,-0.993910,-0.202146,0.758744,-1.118565,-0.539731,1.966957,0.553678,-0.412677,
-1.926699,0.336957,-0.430106,1.032827,-0.634715,-0.038882,0.668691,0.061955,0.470869,-0.111480,
-0.594563,1.497515,-0.628610,1.072258,-0.481841,0.798430,1.546918,-0.265499,-0.064801,0.461633,
-0.981825,-0.962339,1.268070,0.612454,-0.694515,0.260831,0.440268,-1.566421,-0.606345,-0.021930,
1.563086,0.996916,-1.067494,0.363500,-0.807245,-0.480208,-0.638391,1.740096,0.111626,-0.077743,
0.529980,0.228361,-0.082816,0.625959,-0.930945,1.541717,-1.012913,-0.667284,-1.637101,0.142576,
1.409739,-0.104780,-1.430699,0.139777,-0.324206,0.540057,0.132246,3.038971,1.510029,0.984142,
-1.145787,-0.378043,-0.061687,-0.187900,-0.612813,1.618843,1.683250,0.391097,0.805053,1.184555,
-0.129175,0.839867,2.267924,-1.369527,-0.519769,0.179642,-1.477158,-2.406317,1.414232,-0.954613,
0.178315,-0.451880,-0.437541,-0.107003,1.607908,-2.289152,-0.294634,-0.452642,-0.242819,-1.497588,
-1.099335,1.411170,-0.737826,-0.404167,-1.308122,-0.495304,-0.559072,-0.243466,0.830275,-0.023149,
-0.712294,0.217222,0.311397,-1.442061,-0.925267,-0.534002,-0.254605,-2.092440,-0.611022,-1.013379,
-0.865075,-0.839621,0.535314,-0.708692,0.259666,-0.145946,-1.924399,-1.462883,0.459830,1.747191,
1.432223,-0.796784,-1.142189,-0.039581,-1.428317,1.609998,-0.185476,0.630226,-0.020480,1.494166,
-1.986860,-0.381004,-1.348056,-0.052951,0.446538,-0.741222,-0.852020,0.207258,-0.684510,0.764052,
-0.370891,0.257828,0.380411,-0.303002,0.185664,0.242372,-2.193166,-2.431639,-1.117663,0.686048,
1.390804,-0.060484,-0.393583,-0.037973,1.000777,-0.256289,-0.889640,-0.115444,-0.568951,1.909338,
0.453290,0.329685,-1.449862,-0.124253,-1.388490,1.063920,-0.245896,0.005569,0.196447,0.077138,
-0.450118,-0.121766,0.771872,0.465150,0.664641,0.071401,0.559484,-2.511812,-0.675671,-0.763902,
1.284771,-0.605336,-0.135094,0.937498,1.200278,-1.068732,-0.161303,-2.569060,0.802587,-0.247446,
1.106244,0.746948,2.458468,0.729156,0.974900,-0.834368,0.716044,-0.205921,-0.011374,0.212317,
0.674358,-2.798692,0.666416,-1.159603,-2.489878,0.157100,1.208856,-0.201637,0.245336,-0.113877,
1.684285,0.619358,1.241656,1.102520,0.254871,0.227561,-0.605972,1.296752,-1.437364,0.749260,
-0.902858,-1.047821,0.643380,-0.960699,-1.177777,2.625416,-1.884709,-0.396531,-0.358042,-1.523750,
-1.640473,-0.750540,0.452233,-0.234984,-0.275572,-0.036895,0.161129,1.119126,-1.480805,-1.202031,
0.399177,-0.564563,1.393735,0.946831,0.055690,0.003392,1.240803,-2.569042,1.346038,-1.192414,
1.998352,1.619975,-0.101717,1.190661,-0.851403,2.732640,-0.935071,1.433561,1.377379,0.438904,
